card_code,source_code,orientation,context,meaning_text,advice_text,warning_text,polarity,action_level,speed_level,stability_level,ending_level,origin,source_locator,page_start,page_end,priority,review_status,review_method,review_notes,is_active
FOOL,WAITE_PKD_1910,UPRIGHT,GENERAL,분별보다 충동과 과장이 앞서 어디로 튈지 예측하기 어려운 출발,행동 전에 최소한의 손실 한도와 되돌릴 방법을 정하세요.,흥분 상태에서 장기 약속을 확정하지 마세요.,-1,5,5,0,0,DERIVED,Part III §3 — Zero. The Fool,,,10,APPROVED,SOURCE_PARAPHRASE_EDITORIAL_V1,Waite Part III paraphrase; source wording is historically inconsistent and should not be treated as modern consensus.,true
FOOL,WAITE_PKD_1910,REVERSED,GENERAL,주의와 책임감이 약해져 기회를 흘려보내거나 무기력해지는 상태,놓치고 있는 선택지가 있는지 한 번 더 살펴보세요.,,-2,0,0,1,0,DERIVED,Part III §3 — Zero. The Fool,,,10,APPROVED,SOURCE_PARAPHRASE_EDITORIAL_V1,Waite Part III paraphrase; source wording is historically inconsistent and should not be treated as modern consensus.,true
MAGICIAN,WAITE_PKD_1910,UPRIGHT,GENERAL,기술·외교력·의지와 자신감을 활용해 상황을 능숙하게 다루는 힘,보유한 자원과 기술을 하나의 분명한 목표에 집중하세요.,,4,4,3,4,0,DERIVED,Part III §3 — 1. The Magician,,,10,APPROVED,SOURCE_PARAPHRASE_EDITORIAL_V1,Waite Part III paraphrase; source wording is historically inconsistent and should not be treated as modern consensus.,true
MAGICIAN,WAITE_PKD_1910,REVERSED,GENERAL,능력이나 영향력이 불안·기만·불명예를 만드는 방향으로 잘못 쓰이는 상태,수단이 목적을 해치지 않는지 다시 점검하세요.,,-3,3,3,0,1,DERIVED,Part III §3 — 1. The Magician,,,10,APPROVED,SOURCE_PARAPHRASE_EDITORIAL_V1,Waite Part III paraphrase; source wording is historically inconsistent and should not be treated as modern consensus.,true
HIGH_PRIESTESS,WAITE_PKD_1910,UPRIGHT,GENERAL,아직 드러나지 않은 비밀과 미래를 침묵·인내·지혜로 관찰하는 상태,판단 전에 드러나지 않은 정보가 무엇인지 확인하세요.,,0,1,1,2,0,DERIVED,Part III §3 — 2. The High Priestess,,,10,APPROVED,SOURCE_PARAPHRASE_EDITORIAL_V1,Waite Part III paraphrase; source wording is historically inconsistent and should not be treated as modern consensus.,true
HIGH_PRIESTESS,WAITE_PKD_1910,REVERSED,GENERAL,강한 열정이나 자만 때문에 깊은 지혜보다 겉핥기식 이해에 머무는 상태,아는 척하기보다 모르는 부분을 확인하고 더 깊이 조사하세요.,,-2,2,2,1,0,DERIVED,Part III §3 — 2. The High Priestess,,,10,APPROVED,SOURCE_PARAPHRASE_EDITORIAL_V1,Waite Part III paraphrase; source wording is historically inconsistent and should not be treated as modern consensus.,true
EMPRESS,WAITE_PKD_1910,UPRIGHT,GENERAL,풍요·생산성·주도성이 살아나며 새로운 것을 길러내는 단계,이미 가진 자원과 성장 조건을 구체적으로 활용하세요.,,4,3,2,4,0,DERIVED,Part III §3 — 3. The Empress,,,10,APPROVED,SOURCE_PARAPHRASE_EDITORIAL_V1,Waite Part III paraphrase; source wording is historically inconsistent and should not be treated as modern consensus.,true
EMPRESS,WAITE_PKD_1910,REVERSED,GENERAL,얽힌 사실이 드러나지만 결정을 번복하거나 방향을 망설일 수 있는 단계,새롭게 드러난 사실을 기준으로 계획을 다시 정리하세요.,,3,3,3,3,1,DERIVED,Part III §3 — 3. The Empress,,,10,APPROVED,SOURCE_PARAPHRASE_EDITORIAL_V1,Waite Part III paraphrase; source wording is historically inconsistent and should not be treated as modern consensus.,true
EMPEROR,WAITE_PKD_1910,UPRIGHT,GENERAL,안정·보호·이성·의지로 현실을 조직하고 책임 있게 권한을 행사하는 상태,권한의 근거와 책임 범위를 문서로 확인하세요.,,2,3,2,4,0,DERIVED,Part III §3 — 4. The Emperor,,,10,APPROVED,SOURCE_PARAPHRASE_EDITORIAL_V1,Waite Part III paraphrase; source wording is historically inconsistent and should not be treated as modern consensus.,true
EMPEROR,WAITE_PKD_1910,REVERSED,GENERAL,권한과 구조가 미성숙하거나 경직되어 오히려 진행을 막는 상태,원칙을 지키면서도 수정 가능한 부분을 찾으세요.,,-2,1,0,3,0,DERIVED,Part III §3 — 4. The Emperor,,,10,APPROVED,SOURCE_PARAPHRASE_EDITORIAL_V1,Waite Part III paraphrase; source wording is historically inconsistent and should not be treated as modern consensus.,true
HIEROPHANT,WAITE_PKD_1910,UPRIGHT,GENERAL,관계나 약속이 동맹·결혼·조언·제도 같은 공식 구조로 묶이는 단계,구두 약속을 역할·기한·조건이 적힌 문서로 바꾸세요.,,2,2,2,5,1,DERIVED,Part III §3 — 5. The Hierophant,,,10,APPROVED,SOURCE_PARAPHRASE_EDITORIAL_V1,Waite Part III paraphrase; source wording is historically inconsistent and should not be treated as modern consensus.,true
HIEROPHANT,WAITE_PKD_1910,REVERSED,GENERAL,집단의 조화와 호의를 지나치게 우선해 자기 기준과 힘이 약해지는 상태,따라야 할 원칙과 바꿀 수 있는 관행을 구분하세요.,,-1,1,1,3,0,DERIVED,Part III §3 — 5. The Hierophant,,,10,APPROVED,SOURCE_PARAPHRASE_EDITORIAL_V1,Waite Part III paraphrase; source wording is historically inconsistent and should not be treated as modern consensus.,true
LOVERS,WAITE_PKD_1910,UPRIGHT,GENERAL,매력과 사랑이 상호 결합으로 이어지고 어려움을 함께 넘어서는 관계,서로 기대하는 바와 실제 약속을 직접 확인하세요.,,4,3,2,4,0,DERIVED,Part III §3 — 6. The Lovers,,,10,APPROVED,SOURCE_PARAPHRASE_EDITORIAL_V1,Waite Part III paraphrase; source wording is historically inconsistent and should not be treated as modern consensus.,true
LOVERS,WAITE_PKD_1910,REVERSED,GENERAL,어리석은 계획과 엇갈린 가치 때문에 결합이나 약속이 좌절되는 흐름,합의되지 않은 기대와 역할을 말로 확인하세요.,,-3,3,2,1,1,DERIVED,Part III §3 — 6. The Lovers,,,10,APPROVED,SOURCE_PARAPHRASE_EDITORIAL_V1,Waite Part III paraphrase; source wording is historically inconsistent and should not be treated as modern consensus.,true
CHARIOT,WAITE_PKD_1910,UPRIGHT,GENERAL,도움과 강한 추진력으로 갈등을 뚫고 승리를 향해 나아가는 흐름,승리 이후 책임과 유지 계획까지 준비하세요.,,4,5,4,3,1,DERIVED,Part III §3 — 7. The Chariot,,,10,APPROVED,SOURCE_PARAPHRASE_EDITORIAL_V1,Waite Part III paraphrase; source wording is historically inconsistent and should not be treated as modern consensus.,true
CHARIOT,WAITE_PKD_1910,REVERSED,GENERAL,다툼·분쟁·과도한 자신감이 패배나 법적 충돌로 번지는 흐름,손실을 인정하고 더 잃지 않도록 종료 기준을 정하세요.,,-4,1,2,0,3,DERIVED,Part III §3 — 7. The Chariot,,,10,APPROVED,SOURCE_PARAPHRASE_EDITORIAL_V1,Waite Part III paraphrase; source wording is historically inconsistent and should not be treated as modern consensus.,true
STRENGTH,WAITE_PKD_1910,UPRIGHT,GENERAL,용기·활력·관대함으로 힘을 통제해 완전한 성과를 이루는 흐름,힘을 과시하기보다 꾸준히 통제해 사용하세요.,,4,4,3,3,0,DERIVED,Part III §3 — 8. Fortitude,,,10,APPROVED,SOURCE_PARAPHRASE_EDITORIAL_V1,Waite Part III paraphrase; source wording is historically inconsistent and should not be treated as modern consensus.,true
STRENGTH,WAITE_PKD_1910,REVERSED,GENERAL,힘을 과도하게 사용하거나 통제하지 못해 약함과 불화를 만드는 상태,수단이 목적을 해치지 않는지 다시 점검하세요.,,-3,3,3,0,1,DERIVED,Part III §3 — 8. Fortitude,,,10,APPROVED,SOURCE_PARAPHRASE_EDITORIAL_V1,Waite Part III paraphrase; source wording is historically inconsistent and should not be treated as modern consensus.,true
HERMIT,WAITE_PKD_1910,UPRIGHT,GENERAL,신중한 관찰과 분별로 위험을 살피되 숨은 의도도 함께 경계하는 상태,결정 전에 위험·비용·증거를 차분히 확인하세요.,,2,2,1,4,0,DERIVED,Part III §3 — 9. The Hermit,,,10,APPROVED,SOURCE_PARAPHRASE_EDITORIAL_V1,Waite Part III paraphrase; source wording is historically inconsistent and should not be treated as modern consensus.,true
HERMIT,WAITE_PKD_1910,REVERSED,GENERAL,두려움과 과도한 조심성 때문에 숨거나 불필요하게 물러나는 상태,혼자 판단하지 말고 신뢰할 사람에게 사실을 점검받으세요.,,-2,0,0,2,0,DERIVED,Part III §3 — 9. The Hermit,,,10,APPROVED,SOURCE_PARAPHRASE_EDITORIAL_V1,Waite Part III paraphrase; source wording is historically inconsistent and should not be treated as modern consensus.,true
WHEEL_OF_FORTUNE,WAITE_PKD_1910,UPRIGHT,GENERAL,운과 외부 조건이 바뀌며 성공·상승·기회가 빠르게 들어오는 흐름,기회가 왔을 때 실행할 준비와 손실 한도를 함께 정하세요.,,4,3,5,2,1,DERIVED,Part III §3 — 10. Wheel of Fortune,,,10,APPROVED,SOURCE_PARAPHRASE_EDITORIAL_V1,Waite Part III paraphrase; source wording is historically inconsistent and should not be treated as modern consensus.,true
WHEEL_OF_FORTUNE,WAITE_PKD_1910,REVERSED,GENERAL,증가와 풍요가 지나쳐 관리되지 않는 과잉으로 변할 수 있는 흐름,양을 늘리기보다 적정 수준과 중단 기준을 정하세요.,,-1,4,4,1,0,DERIVED,Part III §3 — 10. Wheel of Fortune,,,10,APPROVED,SOURCE_PARAPHRASE_EDITORIAL_V1,Waite Part III paraphrase; source wording is historically inconsistent and should not be treated as modern consensus.,true
JUSTICE,WAITE_PKD_1910,UPRIGHT,GENERAL,증거와 원칙에 따른 공정한 판단이 책임 있는 결과로 이어지는 상태,감정과 별개로 기준·증거·책임을 확인하세요.,,3,2,2,5,1,DERIVED,Part III §3 — 11. Justice,,,10,APPROVED,SOURCE_PARAPHRASE_EDITORIAL_V1,Waite Part III paraphrase; source wording is historically inconsistent and should not be treated as modern consensus.,true
JUSTICE,WAITE_PKD_1910,REVERSED,GENERAL,법·규칙·신념이 편향되거나 지나치게 엄격해 복잡한 분쟁을 만드는 상태,판단 기준이 모두에게 동일하게 적용되는지 확인하세요.,,-3,2,1,1,0,DERIVED,Part III §3 — 11. Justice,,,10,APPROVED,SOURCE_PARAPHRASE_EDITORIAL_V1,Waite Part III paraphrase; source wording is historically inconsistent and should not be treated as modern consensus.,true
HANGED_MAN,WAITE_PKD_1910,UPRIGHT,GENERAL,시련과 희생을 받아들이며 멈춰서 다른 관점과 직관을 얻는 단계,무엇을 포기하고 무엇을 얻는지 명확히 하세요.,,0,0,0,2,2,DERIVED,Part III §3 — 12. The Hanged Man,,,10,APPROVED,SOURCE_PARAPHRASE_EDITORIAL_V1,Waite Part III paraphrase; source wording is historically inconsistent and should not be treated as modern consensus.,true
HANGED_MAN,WAITE_PKD_1910,REVERSED,GENERAL,공동의 문제보다 개인 이익이나 집단 압력에 끌려 통찰 없이 머무는 상태,내 이익과 공동의 책임 사이의 균형을 확인하세요.,,-2,2,1,1,0,DERIVED,Part III §3 — 12. The Hanged Man,,,10,APPROVED,SOURCE_PARAPHRASE_EDITORIAL_V1,Waite Part III paraphrase; source wording is historically inconsistent and should not be treated as modern consensus.,true
DEATH,WAITE_PKD_1910,UPRIGHT,GENERAL,기존 국면이 끝나고 낡은 구조가 해체되는 강한 종료와 전환,끝내야 할 부분과 남겨야 할 자산을 구분하세요.,,-2,1,1,1,5,DERIVED,Part III §3 — 13. Death,,,10,APPROVED,SOURCE_PARAPHRASE_EDITORIAL_V1,Waite Part III paraphrase; source wording is historically inconsistent and should not be treated as modern consensus.,true
DEATH,WAITE_PKD_1910,REVERSED,GENERAL,끝내야 할 것을 놓지 못해 무기력·고착·희망 상실로 이어지는 상태,정체를 깨기 위한 가장 작은 행동을 기한과 함께 정하세요.,,-2,0,0,2,0,DERIVED,Part III §3 — 13. Death,,,10,APPROVED,SOURCE_PARAPHRASE_EDITORIAL_V1,Waite Part III paraphrase; source wording is historically inconsistent and should not be treated as modern consensus.,true
TEMPERANCE,WAITE_PKD_1910,UPRIGHT,GENERAL,절약·절제·관리와 타협으로 서로 다른 조건을 실용적으로 조율하는 상태,양쪽 조건을 비교해 지속 가능한 중간점을 찾으세요.,,2,2,2,4,0,DERIVED,Part III §3 — 14. Temperance,,,10,APPROVED,SOURCE_PARAPHRASE_EDITORIAL_V1,Waite Part III paraphrase; source wording is historically inconsistent and should not be treated as modern consensus.,true
TEMPERANCE,WAITE_PKD_1910,REVERSED,GENERAL,서로 다른 이해관계가 섞이지 못하고 분열·경쟁·불운한 결합으로 흐르는 상태,합의되지 않은 기대와 역할을 말로 확인하세요.,,-3,3,2,1,1,DERIVED,Part III §3 — 14. Temperance,,,10,APPROVED,SOURCE_PARAPHRASE_EDITORIAL_V1,Waite Part III paraphrase; source wording is historically inconsistent and should not be treated as modern consensus.,true
DEVIL,WAITE_PKD_1910,UPRIGHT,GENERAL,강한 욕망과 압력이 행동을 몰아붙여 스스로 멈추기 어려워지는 상태,멈추기 어려운 행동의 대가를 먼저 계산하세요.,운명이나 충동을 책임 회피의 근거로 삼지 마세요.,-3,4,3,0,0,DERIVED,Part III §3 — 15. The Devil,,,10,APPROVED,SOURCE_PARAPHRASE_EDITORIAL_V1,Waite Part III paraphrase; source wording is historically inconsistent and should not be treated as modern consensus.,true
DEVIL,WAITE_PKD_1910,REVERSED,GENERAL,두려움과 무력감 때문에 해로운 구조를 보면서도 벗어나지 못하는 상태,가장 두려운 결과와 그 대응책을 구체화하세요.,,-3,0,0,1,0,DERIVED,Part III §3 — 15. The Devil,,,10,APPROVED,SOURCE_PARAPHRASE_EDITORIAL_V1,Waite Part III paraphrase; source wording is historically inconsistent and should not be treated as modern consensus.,true
TOWER,WAITE_PKD_1910,UPRIGHT,GENERAL,예상하지 못한 재난이나 폭로가 기존 구조를 급격히 무너뜨리는 흐름,무너진 가정과 실제로 남은 자원을 분리하세요.,충격 속에서 추가 결정을 서두르지 마세요.,-4,4,5,0,4,DERIVED,Part III §3 — 16. The Tower,,,10,APPROVED,SOURCE_PARAPHRASE_EDITORIAL_V1,Waite Part III paraphrase; source wording is historically inconsistent and should not be treated as modern consensus.,true
TOWER,WAITE_PKD_1910,REVERSED,GENERAL,충격은 약해졌지만 억압·구속·불안정한 구조가 여전히 남아 있는 상태,바꿀 수 있는 제한과 바꿀 수 없는 제한을 구분하세요.,제약을 영구적인 운명으로 단정하지 마세요.,-3,1,1,1,1,DERIVED,Part III §3 — 16. The Tower,,,10,APPROVED,SOURCE_PARAPHRASE_EDITORIAL_V1,Waite Part III paraphrase; source wording is historically inconsistent and should not be treated as modern consensus.,true
STAR,WAITE_PKD_1910,UPRIGHT,GENERAL,상실 가능성이 함께 존재해도 밝은 전망과 회복의 방향을 다시 발견하는 흐름,희망을 유지할 수 있는 현실적 행동을 하나 정하세요.,,4,3,2,4,0,DERIVED,Part III §3 — 17. The Star,,,10,APPROVED,SOURCE_PARAPHRASE_EDITORIAL_V1,Waite Part III paraphrase; source wording is historically inconsistent and should not be treated as modern consensus.,true
STAR,WAITE_PKD_1910,REVERSED,GENERAL,자만이나 무력감 때문에 남아 있는 가능성을 제대로 활용하지 못하는 상태,실패 원인을 작게 나누고 다시 시도할 조건을 정하세요.,,-2,1,1,1,1,DERIVED,Part III §3 — 17. The Star,,,10,APPROVED,SOURCE_PARAPHRASE_EDITORIAL_V1,Waite Part III paraphrase; source wording is historically inconsistent and should not be treated as modern consensus.,true
MOON,WAITE_PKD_1910,UPRIGHT,GENERAL,숨은 위험·오해·기만과 불분명한 정보가 판단을 흐리는 상태,추측과 사실을 구분하고 확인 가능한 정보부터 모으세요.,,-2,1,1,0,0,DERIVED,Part III §3 — 18. The Moon,,,10,APPROVED,SOURCE_PARAPHRASE_EDITORIAL_V1,Waite Part III paraphrase; source wording is historically inconsistent and should not be treated as modern consensus.,true
MOON,WAITE_PKD_1910,REVERSED,GENERAL,큰 기만은 약해져도 불안정과 의심이 남아 확신하기 어려운 상태,의심을 해소할 수 있는 증거와 질문을 정하세요.,,-2,1,1,1,0,DERIVED,Part III §3 — 18. The Moon,,,10,APPROVED,SOURCE_PARAPHRASE_EDITORIAL_V1,Waite Part III paraphrase; source wording is historically inconsistent and should not be treated as modern consensus.,true
SUN,WAITE_PKD_1910,UPRIGHT,GENERAL,물질적 행복·관계의 성취·만족이 밝고 분명하게 드러나는 흐름,좋은 흐름을 함께 나누고 유지할 조건을 마련하세요.,,5,4,4,5,0,DERIVED,Part III §3 — 19. The Sun,,,10,APPROVED,SOURCE_PARAPHRASE_EDITORIAL_V1,Waite Part III paraphrase; source wording is historically inconsistent and should not be treated as modern consensus.,true
SUN,WAITE_PKD_1910,REVERSED,GENERAL,좋은 흐름은 남아 있지만 기대보다 규모나 만족감이 작아지는 상태,좋은 조건을 당연시하지 말고 유지 요인을 확인하세요.,,2,2,2,3,0,DERIVED,Part III §3 — 19. The Sun,,,10,APPROVED,SOURCE_PARAPHRASE_EDITORIAL_V1,Waite Part III paraphrase; source wording is historically inconsistent and should not be treated as modern consensus.,true
JUDGEMENT,WAITE_PKD_1910,UPRIGHT,GENERAL,지위와 상황이 바뀌며 지난 과정을 평가하고 새롭게 갱신되는 결과,지금까지의 결과를 평가하고 다음 기준을 명확히 하세요.,,3,3,3,3,2,DERIVED,Part III §3 — 20. The Last Judgment,,,10,APPROVED,SOURCE_PARAPHRASE_EDITORIAL_V1,Waite Part III paraphrase; source wording is historically inconsistent and should not be treated as modern consensus.,true
JUDGEMENT,WAITE_PKD_1910,REVERSED,GENERAL,판단을 오래 미루거나 자신감이 약해져 결론과 책임을 확정하지 못하는 상태,결정 기준을 세 가지 이하로 줄이고 기한을 정하세요.,,-1,0,0,2,0,DERIVED,Part III §3 — 20. The Last Judgment,,,10,APPROVED,SOURCE_PARAPHRASE_EDITORIAL_V1,Waite Part III paraphrase; source wording is historically inconsistent and should not be treated as modern consensus.,true
WORLD,WAITE_PKD_1910,UPRIGHT,GENERAL,한 주기가 확실한 성공·보상·이동으로 마무리되는 완성의 흐름,완료 기준을 확인하고 다음 주기로 넘어갈 준비를 하세요.,,5,3,2,5,4,DERIVED,Part III §3 — 21. The World,,,10,APPROVED,SOURCE_PARAPHRASE_EDITORIAL_V1,Waite Part III paraphrase; source wording is historically inconsistent and should not be treated as modern consensus.,true
WORLD,WAITE_PKD_1910,REVERSED,GENERAL,끝내야 할 단계가 고정과 관성에 묶여 완성되지 못하고 정체되는 상태,정체를 깨기 위한 가장 작은 행동을 기한과 함께 정하세요.,,-2,0,0,2,0,DERIVED,Part III §3 — 21. The World,,,10,APPROVED,SOURCE_PARAPHRASE_EDITORIAL_V1,Waite Part III paraphrase; source wording is historically inconsistent and should not be treated as modern consensus.,true
ACE_OF_WANDS,WAITE_PKD_1910,UPRIGHT,GENERAL,창조·발명·사업·출생처럼 새로운 힘이 처음 시작되는 원점,아이디어를 가장 작은 실행 가능한 형태로 만드세요.,,4,5,4,2,0,DERIVED,"Part III §2 — Wands, Ace",,,10,APPROVED,SOURCE_PARAPHRASE_EDITORIAL_V1,Waite Part III paraphrase; source wording is historically inconsistent and should not be treated as modern consensus.,true
ACE_OF_WANDS,WAITE_PKD_1910,REVERSED,GENERAL,시작의 힘이 쇠퇴하거나 무너져 기쁨과 성장이 흐려지는 상태,실패 원인을 작게 나누고 다시 시도할 조건을 정하세요.,,-2,1,1,1,1,DERIVED,"Part III §2 — Wands, Ace",,,10,APPROVED,SOURCE_PARAPHRASE_EDITORIAL_V1,Waite Part III paraphrase; source wording is historically inconsistent and should not be treated as modern consensus.,true
TWO_OF_WANDS,WAITE_PKD_1910,UPRIGHT,GENERAL,넓은 영역과 가능성을 바라보지만 성취와 불만이 함께 존재하는 계획 단계,가능성보다 실행 조건과 선택 기준을 먼저 정하세요.,,2,3,2,3,0,DERIVED,"Part III §2 — Wands, Two",,,10,APPROVED,SOURCE_PARAPHRASE_EDITORIAL_V1,Waite Part III paraphrase; source wording is historically inconsistent and should not be treated as modern consensus.,true
TWO_OF_WANDS,WAITE_PKD_1910,REVERSED,GENERAL,예상 밖의 감정과 놀람이 두려움·혼란과 뒤섞이는 상태,확실한 사실과 아직 모르는 조건을 분리하세요.,,-1,1,2,0,0,DERIVED,"Part III §2 — Wands, Two",,,10,APPROVED,SOURCE_PARAPHRASE_EDITORIAL_V1,Waite Part III paraphrase; source wording is historically inconsistent and should not be treated as modern consensus.,true
THREE_OF_WANDS,WAITE_PKD_1910,UPRIGHT,GENERAL,사업·교역·탐색이 협력과 함께 넓은 시장으로 확장되는 흐름,확장 전에 필요한 자원과 협력 조건을 점검하세요.,,3,4,3,3,0,DERIVED,"Part III §2 — Wands, Three",,,10,APPROVED,SOURCE_PARAPHRASE_EDITORIAL_V1,Waite Part III paraphrase; source wording is historically inconsistent and should not be treated as modern consensus.,true
THREE_OF_WANDS,WAITE_PKD_1910,REVERSED,GENERAL,고난과 실망이 멈추고 문제가 끝나면서 회복 여지가 생기는 흐름,회복 신호를 확인하고 재발 원인을 정리하세요.,,3,2,2,3,1,DERIVED,"Part III §2 — Wands, Three",,,10,APPROVED,SOURCE_PARAPHRASE_EDITORIAL_V1,Waite Part III paraphrase; source wording is historically inconsistent and should not be treated as modern consensus.,true
FOUR_OF_WANDS,WAITE_PKD_1910,UPRIGHT,GENERAL,안식처·화합·번영과 완성된 일을 함께 기뻐하는 안정된 상태,완료된 성과를 인정하고 다음 단계의 기준을 정하세요.,,4,4,3,4,1,DERIVED,"Part III §2 — Wands, Four",,,10,APPROVED,SOURCE_PARAPHRASE_EDITORIAL_V1,Waite Part III paraphrase; source wording is historically inconsistent and should not be treated as modern consensus.,true
FOUR_OF_WANDS,WAITE_PKD_1910,REVERSED,GENERAL,정방향과 마찬가지로 번영·증가·행복이 이어지는 흐름,이미 가진 자원과 성장 조건을 구체적으로 활용하세요.,,4,3,2,4,0,DERIVED,"Part III §2 — Wands, Four",,,10,APPROVED,SOURCE_PARAPHRASE_EDITORIAL_V1,Waite Part III paraphrase; source wording is historically inconsistent and should not be treated as modern consensus.,true
FIVE_OF_WANDS,WAITE_PKD_1910,UPRIGHT,GENERAL,성과와 자원을 얻기 위해 여러 사람이 치열하게 경쟁하고 부딪히는 상태,싸워야 할 쟁점과 양보 가능한 쟁점을 구분하세요.,승패에만 집중하면 장기 관계가 손상될 수 있습니다.,-2,5,4,1,0,DERIVED,"Part III §2 — Wands, Five",,,10,APPROVED,SOURCE_PARAPHRASE_EDITORIAL_V1,Waite Part III paraphrase; source wording is historically inconsistent and should not be treated as modern consensus.,true
FIVE_OF_WANDS,WAITE_PKD_1910,REVERSED,GENERAL,경쟁이 소송·논쟁·속임수와 모순으로 악화되는 상태,싸워야 할 쟁점과 양보 가능한 쟁점을 구분하세요.,승패에만 집중하면 장기 관계가 손상될 수 있습니다.,-2,5,4,1,0,DERIVED,"Part III §2 — Wands, Five",,,10,APPROVED,SOURCE_PARAPHRASE_EDITORIAL_V1,Waite Part III paraphrase; source wording is historically inconsistent and should not be treated as modern consensus.,true
SIX_OF_WANDS,WAITE_PKD_1910,UPRIGHT,GENERAL,승리·좋은 소식·기대하던 인정을 얻어 성과가 공개되는 흐름,성과를 객관적인 결과와 다음 기회로 연결하세요.,,4,4,3,4,1,DERIVED,"Part III §2 — Wands, Six",,,10,APPROVED,SOURCE_PARAPHRASE_EDITORIAL_V1,Waite Part III paraphrase; source wording is historically inconsistent and should not be treated as modern consensus.,true
SIX_OF_WANDS,WAITE_PKD_1910,REVERSED,GENERAL,승리를 앞두고 배신·두려움·불확실한 지연이 끼어드는 상태,실패 원인을 작게 나누고 다시 시도할 조건을 정하세요.,,-2,1,1,1,1,DERIVED,"Part III §2 — Wands, Six",,,10,APPROVED,SOURCE_PARAPHRASE_EDITORIAL_V1,Waite Part III paraphrase; source wording is historically inconsistent and should not be treated as modern consensus.,true
SEVEN_OF_WANDS,WAITE_PKD_1910,UPRIGHT,GENERAL,유리한 위치에서 경쟁과 협상을 버티며 자신의 성과를 지키는 상태,지켜야 할 핵심 기준과 소모적인 싸움을 구분하세요.,,2,4,2,3,0,DERIVED,"Part III §2 — Wands, Seven",,,10,APPROVED,SOURCE_PARAPHRASE_EDITORIAL_V1,Waite Part III paraphrase; source wording is historically inconsistent and should not be treated as modern consensus.,true
SEVEN_OF_WANDS,WAITE_PKD_1910,REVERSED,GENERAL,당황·불안·우유부단 때문에 방어와 협상이 흔들리는 상태,사실과 예상 걱정을 분리해 적어보세요.,불안을 확정된 결과로 받아들이지 마세요.,-4,0,0,0,0,DERIVED,"Part III §2 — Wands, Seven",,,10,APPROVED,SOURCE_PARAPHRASE_EDITORIAL_V1,Waite Part III paraphrase; source wording is historically inconsistent and should not be treated as modern consensus.,true
EIGHT_OF_WANDS,WAITE_PKD_1910,UPRIGHT,GENERAL,일·연락·감정이 목표를 향해 매우 빠르게 움직이는 흐름,속도가 붙기 전에 결정 기준과 담당을 정하세요.,속도 때문에 조건 검토를 생략하지 마세요.,3,5,5,2,0,DERIVED,"Part III §2 — Wands, Eight",,,10,APPROVED,SOURCE_PARAPHRASE_EDITORIAL_V1,Waite Part III paraphrase; source wording is historically inconsistent and should not be treated as modern consensus.,true
EIGHT_OF_WANDS,WAITE_PKD_1910,REVERSED,GENERAL,속도가 질투·양심의 가책·말다툼과 내부 갈등으로 흩어지는 상태,싸워야 할 쟁점과 양보 가능한 쟁점을 구분하세요.,승패에만 집중하면 장기 관계가 손상될 수 있습니다.,-2,5,4,1,0,DERIVED,"Part III §2 — Wands, Eight",,,10,APPROVED,SOURCE_PARAPHRASE_EDITORIAL_V1,Waite Part III paraphrase; source wording is historically inconsistent and should not be treated as modern consensus.,true
NINE_OF_WANDS,WAITE_PKD_1910,UPRIGHT,GENERAL,공격을 예상하면서도 버틸 힘을 유지하고 경계를 늦추지 않는 상태,지켜야 할 핵심 기준과 소모적인 싸움을 구분하세요.,,2,4,2,3,0,DERIVED,"Part III §2 — Wands, Nine",,,10,APPROVED,SOURCE_PARAPHRASE_EDITORIAL_V1,Waite Part III paraphrase; source wording is historically inconsistent and should not be treated as modern consensus.,true
NINE_OF_WANDS,WAITE_PKD_1910,REVERSED,GENERAL,장애·역경·재난 때문에 버티는 힘과 진행이 크게 약해지는 상태,실패 원인을 작게 나누고 다시 시도할 조건을 정하세요.,,-2,1,1,1,1,DERIVED,"Part III §2 — Wands, Nine",,,10,APPROVED,SOURCE_PARAPHRASE_EDITORIAL_V1,Waite Part III paraphrase; source wording is historically inconsistent and should not be treated as modern consensus.,true
TEN_OF_WANDS,WAITE_PKD_1910,UPRIGHT,GENERAL,성공과 이익을 얻었어도 책임·압박·가식이 무겁게 짓누르는 상태,직접 해야 할 일과 위임할 일을 나누세요.,성과 욕심 때문에 감당 범위를 넘기지 마세요.,-3,4,2,1,2,DERIVED,"Part III §2 — Wands, Ten",,,10,APPROVED,SOURCE_PARAPHRASE_EDITORIAL_V1,Waite Part III paraphrase; source wording is historically inconsistent and should not be treated as modern consensus.,true
TEN_OF_WANDS,WAITE_PKD_1910,REVERSED,GENERAL,어려움·모순·책략이 얽혀 부담을 내려놓기조차 쉽지 않은 상태,싸워야 할 쟁점과 양보 가능한 쟁점을 구분하세요.,승패에만 집중하면 장기 관계가 손상될 수 있습니다.,-2,5,4,1,0,DERIVED,"Part III §2 — Wands, Ten",,,10,APPROVED,SOURCE_PARAPHRASE_EDITORIAL_V1,Waite Part III paraphrase; source wording is historically inconsistent and should not be treated as modern consensus.,true
PAGE_OF_WANDS,WAITE_PKD_1910,UPRIGHT,GENERAL,충실한 전달자나 새로운 소식이 낯설지만 활기찬 가능성을 알리는 흐름,소식의 출처와 구체적인 다음 행동을 확인하세요.,,2,3,4,2,0,DERIVED,"Part III §2 — Wands, Page",,,10,APPROVED,SOURCE_PARAPHRASE_EDITORIAL_V1,Waite Part III paraphrase; source wording is historically inconsistent and should not be treated as modern consensus.,true
PAGE_OF_WANDS,WAITE_PKD_1910,REVERSED,GENERAL,나쁜 소식과 소문이 우유부단·불안정과 함께 들어오는 상태,결정 기준을 세 가지 이하로 줄이고 기한을 정하세요.,,-1,0,0,2,0,DERIVED,"Part III §2 — Wands, Page",,,10,APPROVED,SOURCE_PARAPHRASE_EDITORIAL_V1,Waite Part III paraphrase; source wording is historically inconsistent and should not be treated as modern consensus.,true
KNIGHT_OF_WANDS,WAITE_PKD_1910,UPRIGHT,GENERAL,출발·이주·빠른 이동으로 생활 환경이나 관심사가 크게 바뀌는 흐름,속도가 붙기 전에 결정 기준과 담당을 정하세요.,속도 때문에 조건 검토를 생략하지 마세요.,3,5,5,2,0,DERIVED,"Part III §2 — Wands, Knight",,,10,APPROVED,SOURCE_PARAPHRASE_EDITORIAL_V1,Waite Part III paraphrase; source wording is historically inconsistent and should not be treated as modern consensus.,true
KNIGHT_OF_WANDS,WAITE_PKD_1910,REVERSED,GENERAL,이동이 단절·분열·중단과 불화로 바뀌는 상태,무너진 가정과 실제로 남은 자원을 분리하세요.,충격 속에서 추가 결정을 서두르지 마세요.,-4,4,5,0,4,DERIVED,"Part III §2 — Wands, Knight",,,10,APPROVED,SOURCE_PARAPHRASE_EDITORIAL_V1,Waite Part III paraphrase; source wording is historically inconsistent and should not be treated as modern consensus.,true
QUEEN_OF_WANDS,WAITE_PKD_1910,UPRIGHT,GENERAL,따뜻하고 명예로운 매력으로 사람을 돕고 사업적 성과도 끌어오는 힘,사람과 자원이 성장할 수 있는 환경을 만드세요.,,3,3,2,4,0,DERIVED,"Part III §2 — Wands, Queen",,,10,APPROVED,SOURCE_PARAPHRASE_EDITORIAL_V1,Waite Part III paraphrase; source wording is historically inconsistent and should not be treated as modern consensus.,true
QUEEN_OF_WANDS,WAITE_PKD_1910,REVERSED,GENERAL,겉으로는 유능하고 도움을 주지만 질투·대립·기만 가능성이 섞이는 상태,말보다 검증 가능한 사실과 기록을 확인하세요.,확인되지 않은 약속을 믿고 선행하지 마세요.,-3,3,3,0,0,DERIVED,"Part III §2 — Wands, Queen",,,10,APPROVED,SOURCE_PARAPHRASE_EDITORIAL_V1,Waite Part III paraphrase; source wording is historically inconsistent and should not be treated as modern consensus.,true
KING_OF_WANDS,WAITE_PKD_1910,UPRIGHT,GENERAL,정직·열정·책임감으로 사람과 일을 이끌며 뜻밖의 좋은 소식도 받는 흐름,목표와 기대 행동을 명확히 전달하세요.,,3,4,3,4,0,DERIVED,"Part III §2 — Wands, King",,,10,APPROVED,SOURCE_PARAPHRASE_EDITORIAL_V1,Waite Part III paraphrase; source wording is historically inconsistent and should not be treated as modern consensus.,true
KING_OF_WANDS,WAITE_PKD_1910,REVERSED,GENERAL,선의는 남아 있어도 태도가 지나치게 엄격하고 융통성 없이 굳어지는 상태,원칙을 지키면서도 수정 가능한 부분을 찾으세요.,,-2,1,0,3,0,DERIVED,"Part III §2 — Wands, King",,,10,APPROVED,SOURCE_PARAPHRASE_EDITORIAL_V1,Waite Part III paraphrase; source wording is historically inconsistent and should not be treated as modern consensus.,true
ACE_OF_CUPS,WAITE_PKD_1910,UPRIGHT,GENERAL,진실한 마음·기쁨·풍요·돌봄이 넘쳐 새로운 정서적 기반이 생기는 흐름,감정을 억누르기보다 무엇을 필요로 하는지 확인하세요.,,2,2,2,2,0,DERIVED,"Part III §2 — Cups, Ace",,,10,APPROVED,SOURCE_PARAPHRASE_EDITORIAL_V1,Waite Part III paraphrase; source wording is historically inconsistent and should not be treated as modern consensus.,true
ACE_OF_CUPS,WAITE_PKD_1910,REVERSED,GENERAL,마음의 기반이 흔들리고 감정·관계·생활이 불안정하게 바뀌는 상태,합의되지 않은 기대와 역할을 말로 확인하세요.,,-3,3,2,1,1,DERIVED,"Part III §2 — Cups, Ace",,,10,APPROVED,SOURCE_PARAPHRASE_EDITORIAL_V1,Waite Part III paraphrase; source wording is historically inconsistent and should not be treated as modern consensus.,true
TWO_OF_CUPS,WAITE_PKD_1910,UPRIGHT,GENERAL,사랑·우정·공감·합의가 서로 주고받는 결합으로 이어지는 관계,서로 기대하는 바와 실제 약속을 직접 확인하세요.,,4,3,2,4,0,DERIVED,"Part III §2 — Cups, Two",,,10,APPROVED,SOURCE_PARAPHRASE_EDITORIAL_V1,Waite Part III paraphrase; source wording is historically inconsistent and should not be treated as modern consensus.,true
TWO_OF_CUPS,WAITE_PKD_1910,REVERSED,GENERAL,강한 열정이 이성적 합의보다 앞서 관계를 급하게 몰아가는 상태,행동 전에 최소한의 손실 한도와 되돌릴 방법을 정하세요.,흥분 상태에서 장기 약속을 확정하지 마세요.,-1,5,5,0,0,DERIVED,"Part III §4 — Cups, Two (main §2 has no reversed line)",,,10,APPROVED,SOURCE_PARAPHRASE_EDITORIAL_V1,Waite Part III paraphrase; source wording is historically inconsistent and should not be treated as modern consensus.,true
THREE_OF_CUPS,WAITE_PKD_1910,UPRIGHT,GENERAL,일이 풍성하게 마무리되고 승리·치유·기쁨을 함께 나누는 흐름,완료된 성과를 인정하고 다음 단계의 기준을 정하세요.,,4,4,3,4,1,DERIVED,"Part III §2 — Cups, Three",,,10,APPROVED,SOURCE_PARAPHRASE_EDITORIAL_V1,Waite Part III paraphrase; source wording is historically inconsistent and should not be treated as modern consensus.,true
THREE_OF_CUPS,WAITE_PKD_1910,REVERSED,GENERAL,빠른 성취와 마무리가 감각적 즐거움의 과잉으로 치우칠 수 있는 상태,즐거움의 비용과 다음 날의 책임까지 고려하세요.,,-2,3,3,1,0,DERIVED,"Part III §2 — Cups, Three",,,10,APPROVED,SOURCE_PARAPHRASE_EDITORIAL_V1,Waite Part III paraphrase; source wording is historically inconsistent and should not be treated as modern consensus.,true
FOUR_OF_CUPS,WAITE_PKD_1910,UPRIGHT,GENERAL,권태와 싫증 때문에 눈앞의 새로운 기회에도 위안을 느끼지 못하는 상태,놓치고 있는 선택지가 있는지 한 번 더 살펴보세요.,,-2,0,0,1,0,DERIVED,"Part III §2 — Cups, Four",,,10,APPROVED,SOURCE_PARAPHRASE_EDITORIAL_V1,Waite Part III paraphrase; source wording is historically inconsistent and should not be treated as modern consensus.,true
FOUR_OF_CUPS,WAITE_PKD_1910,REVERSED,GENERAL,새로운 소식·배움·관계가 들어와 정체된 감정을 깨우는 흐름,범위를 작게 잡고 첫 결과물을 만드세요.,,3,4,3,1,0,DERIVED,"Part III §2 — Cups, Four",,,10,APPROVED,SOURCE_PARAPHRASE_EDITORIAL_V1,Waite Part III paraphrase; source wording is historically inconsistent and should not be treated as modern consensus.,true
FIVE_OF_CUPS,WAITE_PKD_1910,UPRIGHT,GENERAL,기대했던 것을 잃고 실망하지만 아직 남은 자원과 관계가 존재하는 상태,잃은 것과 아직 남아 있는 것을 따로 확인하세요.,손실을 만회하려 같은 선택을 반복하지 마세요.,-4,1,1,0,3,DERIVED,"Part III §2 — Cups, Five",,,10,APPROVED,SOURCE_PARAPHRASE_EDITORIAL_V1,Waite Part III paraphrase; source wording is historically inconsistent and should not be treated as modern consensus.,true
FIVE_OF_CUPS,WAITE_PKD_1910,REVERSED,GENERAL,과거의 사람·소식·연결이 돌아오지만 잘못된 계획도 함께 재등장할 수 있는 흐름,돌아온 것이 실제로 달라졌는지 조건을 확인하세요.,,1,2,3,2,1,DERIVED,"Part III §2 — Cups, Five",,,10,APPROVED,SOURCE_PARAPHRASE_EDITORIAL_V1,Waite Part III paraphrase; source wording is historically inconsistent and should not be treated as modern consensus.,true
SIX_OF_CUPS,WAITE_PKD_1910,UPRIGHT,GENERAL,어린 시절·과거 관계·사라진 행복의 기억이 현재에 영향을 주는 상태,과거의 좋은 점을 살리되 현재 조건과 같은지 확인하세요.,,2,1,1,3,0,DERIVED,"Part III §2 — Cups, Six",,,10,APPROVED,SOURCE_PARAPHRASE_EDITORIAL_V1,Waite Part III paraphrase; source wording is historically inconsistent and should not be treated as modern consensus.,true
SIX_OF_CUPS,WAITE_PKD_1910,REVERSED,GENERAL,새로운 관계·환경·미래의 일이 곧 현실로 들어오는 갱신의 흐름,과거 방식에 머물지 말고 새 조건에 맞는 행동을 정하세요.,,3,3,3,3,1,DERIVED,"Part III §2 — Cups, Six",,,10,APPROVED,SOURCE_PARAPHRASE_EDITORIAL_V1,Waite Part III paraphrase; source wording is historically inconsistent and should not be treated as modern consensus.,true
SEVEN_OF_CUPS,WAITE_PKD_1910,UPRIGHT,GENERAL,상상과 감정적 선택지는 많지만 오래 지속될 실체가 부족한 상태,선택지를 실제 비용·기한·가능성으로 비교하세요.,매력적인 그림을 실행 가능성으로 착각하지 마세요.,-1,1,1,0,0,DERIVED,"Part III §2 — Cups, Seven",,,10,APPROVED,SOURCE_PARAPHRASE_EDITORIAL_V1,Waite Part III paraphrase; source wording is historically inconsistent and should not be treated as modern consensus.,true
SEVEN_OF_CUPS,WAITE_PKD_1910,REVERSED,GENERAL,흩어진 욕망을 구체적인 의지·결정·계획으로 좁히는 단계,바라는 것을 실행 항목과 기한으로 바꾸세요.,,3,4,3,2,0,DERIVED,"Part III §2 — Cups, Seven",,,10,APPROVED,SOURCE_PARAPHRASE_EDITORIAL_V1,Waite Part III paraphrase; source wording is historically inconsistent and should not be treated as modern consensus.,true
EIGHT_OF_CUPS,WAITE_PKD_1910,UPRIGHT,GENERAL,중요하다고 믿었던 일의 가치가 줄어들어 익숙한 만족을 떠나는 흐름,떠나는 이유와 도착하려는 목표를 함께 확인하세요.,,0,3,3,1,2,DERIVED,"Part III §2 — Cups, Eight",,,10,APPROVED,SOURCE_PARAPHRASE_EDITORIAL_V1,Waite Part III paraphrase; source wording is historically inconsistent and should not be treated as modern consensus.,true
EIGHT_OF_CUPS,WAITE_PKD_1910,REVERSED,GENERAL,떠남의 공백이 큰 기쁨·만족·축제로 채워지는 흐름,좋은 흐름을 함께 나누고 유지할 조건을 마련하세요.,,5,4,4,5,0,DERIVED,"Part III §2 — Cups, Eight",,,10,APPROVED,SOURCE_PARAPHRASE_EDITORIAL_V1,Waite Part III paraphrase; source wording is historically inconsistent and should not be treated as modern consensus.,true
NINE_OF_CUPS,WAITE_PKD_1910,UPRIGHT,GENERAL,원하던 만족·편안함·승리와 물질적 여유를 누리는 상태,만족을 누리되 다음 단계의 과도한 낙관은 경계하세요.,,4,2,2,5,0,DERIVED,"Part III §2 — Cups, Nine",,,10,APPROVED,SOURCE_PARAPHRASE_EDITORIAL_V1,Waite Part III paraphrase; source wording is historically inconsistent and should not be treated as modern consensus.,true
NINE_OF_CUPS,WAITE_PKD_1910,REVERSED,GENERAL,진실과 자유를 얻어도 실수·결함·불완전한 결과가 함께 남는 상태,완벽을 기대하기보다 수정할 결함을 우선순위화하세요.,,0,2,2,2,0,DERIVED,"Part III §2 — Cups, Nine",,,10,APPROVED,SOURCE_PARAPHRASE_EDITORIAL_V1,Waite Part III paraphrase; source wording is historically inconsistent and should not be treated as modern consensus.,true
TEN_OF_CUPS,WAITE_PKD_1910,UPRIGHT,GENERAL,가족·사랑·우정이 깊은 만족과 안정된 공동체로 완성되는 흐름,공동체가 기대하는 역할과 내가 원하는 역할을 맞춰보세요.,,4,2,2,5,1,DERIVED,"Part III §2 — Cups, Ten",,,10,APPROVED,SOURCE_PARAPHRASE_EDITORIAL_V1,Waite Part III paraphrase; source wording is historically inconsistent and should not be treated as modern consensus.,true
TEN_OF_CUPS,WAITE_PKD_1910,REVERSED,GENERAL,겉으로 평온해 보여도 분노·폭력·거짓된 마음이 관계를 흔드는 상태,합의되지 않은 기대와 역할을 말로 확인하세요.,,-3,3,2,1,1,DERIVED,"Part III §2 — Cups, Ten",,,10,APPROVED,SOURCE_PARAPHRASE_EDITORIAL_V1,Waite Part III paraphrase; source wording is historically inconsistent and should not be treated as modern consensus.,true
PAGE_OF_CUPS,WAITE_PKD_1910,UPRIGHT,GENERAL,다정한 소식·배움·성찰이 감정과 상상을 현실적인 형태로 가져오는 흐름,소식의 출처와 구체적인 다음 행동을 확인하세요.,,2,3,4,2,0,DERIVED,"Part III §2 — Cups, Page",,,10,APPROVED,SOURCE_PARAPHRASE_EDITORIAL_V1,Waite Part III paraphrase; source wording is historically inconsistent and should not be treated as modern consensus.,true
PAGE_OF_CUPS,WAITE_PKD_1910,REVERSED,GENERAL,매력과 호감이 유혹·속임수·교묘한 의도로 변질될 수 있는 상태,말보다 검증 가능한 사실과 기록을 확인하세요.,확인되지 않은 약속을 믿고 선행하지 마세요.,-3,3,3,0,0,DERIVED,"Part III §2 — Cups, Page",,,10,APPROVED,SOURCE_PARAPHRASE_EDITORIAL_V1,Waite Part III paraphrase; source wording is historically inconsistent and should not be treated as modern consensus.,true
KNIGHT_OF_CUPS,WAITE_PKD_1910,UPRIGHT,GENERAL,감정적 제안·초대·접근이나 반가운 전달자가 다가오는 흐름,제안의 의도와 실제 조건을 분리해 확인하세요.,,3,3,3,2,0,DERIVED,"Part III §2 — Cups, Knight",,,10,APPROVED,SOURCE_PARAPHRASE_EDITORIAL_V1,Waite Part III paraphrase; source wording is historically inconsistent and should not be treated as modern consensus.,true
KNIGHT_OF_CUPS,WAITE_PKD_1910,REVERSED,GENERAL,매력적인 제안 뒤에 속임수·이중성·사기 가능성이 숨은 상태,말보다 검증 가능한 사실과 기록을 확인하세요.,확인되지 않은 약속을 믿고 선행하지 마세요.,-3,3,3,0,0,DERIVED,"Part III §2 — Cups, Knight",,,10,APPROVED,SOURCE_PARAPHRASE_EDITORIAL_V1,Waite Part III paraphrase; source wording is historically inconsistent and should not be treated as modern consensus.,true
QUEEN_OF_CUPS,WAITE_PKD_1910,UPRIGHT,GENERAL,사랑과 직관을 함께 사용해 사람을 돕고 정서적 행복을 만드는 힘,직감이 가리키는 바를 기록한 뒤 사실과 대조하세요.,,3,2,1,3,0,DERIVED,"Part III §2 — Cups, Queen",,,10,APPROVED,SOURCE_PARAPHRASE_EDITORIAL_V1,Waite Part III paraphrase; source wording is historically inconsistent and should not be treated as modern consensus.,true
QUEEN_OF_CUPS,WAITE_PKD_1910,REVERSED,GENERAL,감수성과 매력이 불신·부도덕·기만으로 흐를 수 있는 상태,말보다 검증 가능한 사실과 기록을 확인하세요.,확인되지 않은 약속을 믿고 선행하지 마세요.,-3,3,3,0,0,DERIVED,"Part III §2 — Cups, Queen",,,10,APPROVED,SOURCE_PARAPHRASE_EDITORIAL_V1,Waite Part III paraphrase; source wording is historically inconsistent and should not be treated as modern consensus.,true
KING_OF_CUPS,WAITE_PKD_1910,UPRIGHT,GENERAL,책임감·공정함·창조적 지성으로 감정과 현실을 성숙하게 다루는 힘,검증된 능력을 구체적인 성과와 책임으로 연결하세요.,,4,4,3,5,0,DERIVED,"Part III §2 — Cups, King",,,10,APPROVED,SOURCE_PARAPHRASE_EDITORIAL_V1,Waite Part III paraphrase; source wording is historically inconsistent and should not be treated as modern consensus.,true
KING_OF_CUPS,WAITE_PKD_1910,REVERSED,GENERAL,권위와 감정 조절이 이중성·불의·착취·큰 손실로 왜곡되는 상태,말보다 검증 가능한 사실과 기록을 확인하세요.,확인되지 않은 약속을 믿고 선행하지 마세요.,-3,3,3,0,0,DERIVED,"Part III §2 — Cups, King",,,10,APPROVED,SOURCE_PARAPHRASE_EDITORIAL_V1,Waite Part III paraphrase; source wording is historically inconsistent and should not be treated as modern consensus.,true
ACE_OF_SWORDS,WAITE_PKD_1910,UPRIGHT,GENERAL,강한 결단과 힘으로 문제를 가르고 승리와 돌파를 만드는 흐름,결정해야 할 핵심 쟁점을 한 문장으로 명확히 하세요.,힘으로 밀어붙이는 방식이 부작용을 만들 수 있습니다.,3,5,4,2,0,DERIVED,"Part III §2 — Swords, Ace",,,10,APPROVED,SOURCE_PARAPHRASE_EDITORIAL_V1,Waite Part III paraphrase; source wording is historically inconsistent and should not be treated as modern consensus.,true
ACE_OF_SWORDS,WAITE_PKD_1910,REVERSED,GENERAL,같은 강한 힘이 파괴적 결과와 과도한 충돌을 만드는 상태,수단이 목적을 해치지 않는지 다시 점검하세요.,,-3,3,3,0,1,DERIVED,"Part III §2 — Swords, Ace",,,10,APPROVED,SOURCE_PARAPHRASE_EDITORIAL_V1,Waite Part III paraphrase; source wording is historically inconsistent and should not be treated as modern consensus.,true
TWO_OF_SWORDS,WAITE_PKD_1910,UPRIGHT,GENERAL,대립 속에서도 균형과 합의를 유지하지만 긴장이 완전히 해소되지는 않은 상태,양쪽 조건을 비교해 지속 가능한 중간점을 찾으세요.,,2,2,2,4,0,DERIVED,"Part III §2 — Swords, Two",,,10,APPROVED,SOURCE_PARAPHRASE_EDITORIAL_V1,Waite Part III paraphrase; source wording is historically inconsistent and should not be treated as modern consensus.,true
TWO_OF_SWORDS,WAITE_PKD_1910,REVERSED,GENERAL,거짓·이중성·배신이 균형을 깨고 신뢰를 약화시키는 상태,말보다 검증 가능한 사실과 기록을 확인하세요.,확인되지 않은 약속을 믿고 선행하지 마세요.,-3,3,3,0,0,DERIVED,"Part III §2 — Swords, Two",,,10,APPROVED,SOURCE_PARAPHRASE_EDITORIAL_V1,Waite Part III paraphrase; source wording is historically inconsistent and should not be treated as modern consensus.,true
THREE_OF_SWORDS,WAITE_PKD_1910,UPRIGHT,GENERAL,이별·분리·지연·단절이 마음에 직접적인 상처를 만드는 흐름,상처를 부정하지 말고 회복에 필요한 거리와 지원을 확보하세요.,,-4,1,1,0,3,DERIVED,"Part III §2 — Swords, Three",,,10,APPROVED,SOURCE_PARAPHRASE_EDITORIAL_V1,Waite Part III paraphrase; source wording is historically inconsistent and should not be treated as modern consensus.,true
THREE_OF_SWORDS,WAITE_PKD_1910,REVERSED,GENERAL,상처가 혼란·오류·정신적 분산으로 남아 판단까지 흐리는 상태,확실한 사실과 아직 모르는 조건을 분리하세요.,,-1,1,2,0,0,DERIVED,"Part III §2 — Swords, Three",,,10,APPROVED,SOURCE_PARAPHRASE_EDITORIAL_V1,Waite Part III paraphrase; source wording is historically inconsistent and should not be treated as modern consensus.,true
FOUR_OF_SWORDS,WAITE_PKD_1910,UPRIGHT,GENERAL,일선에서 물러나 고독과 휴식 속에서 힘을 보존하는 상태,회복에 필요한 시간과 다시 움직일 조건을 정하세요.,,1,0,0,3,1,DERIVED,"Part III §2 — Swords, Four",,,10,APPROVED,SOURCE_PARAPHRASE_EDITORIAL_V1,Waite Part III paraphrase; source wording is historically inconsistent and should not be treated as modern consensus.,true
FOUR_OF_SWORDS,WAITE_PKD_1910,REVERSED,GENERAL,신중한 관리·절약·예방을 통해 다시 움직일 준비를 갖추는 상태,결정 전에 위험·비용·증거를 차분히 확인하세요.,,2,2,1,4,0,DERIVED,"Part III §2 — Swords, Four",,,10,APPROVED,SOURCE_PARAPHRASE_EDITORIAL_V1,Waite Part III paraphrase; source wording is historically inconsistent and should not be treated as modern consensus.,true
FIVE_OF_SWORDS,WAITE_PKD_1910,UPRIGHT,GENERAL,승부 뒤에 불명예·파괴·철회와 손실이 남는 패배의 흐름,손실을 인정하고 더 잃지 않도록 종료 기준을 정하세요.,,-4,1,2,0,3,DERIVED,"Part III §2 — Swords, Five",,,10,APPROVED,SOURCE_PARAPHRASE_EDITORIAL_V1,Waite Part III paraphrase; source wording is historically inconsistent and should not be treated as modern consensus.,true
FIVE_OF_SWORDS,WAITE_PKD_1910,REVERSED,GENERAL,손실과 슬픔의 여파가 계속되어 애도와 정리가 필요한 상태,잃은 것과 아직 남아 있는 것을 따로 확인하세요.,손실을 만회하려 같은 선택을 반복하지 마세요.,-4,1,1,0,3,DERIVED,"Part III §2 — Swords, Five",,,10,APPROVED,SOURCE_PARAPHRASE_EDITORIAL_V1,Waite Part III paraphrase; source wording is historically inconsistent and should not be treated as modern consensus.,true
SIX_OF_SWORDS,WAITE_PKD_1910,UPRIGHT,GENERAL,더 나은 길을 찾기 위해 현재 문제에서 다른 장소·방법으로 이동하는 흐름,이동 과정의 비용과 도착 후의 계획을 함께 준비하세요.,,1,3,3,2,3,DERIVED,"Part III §2 — Swords, Six",,,10,APPROVED,SOURCE_PARAPHRASE_EDITORIAL_V1,Waite Part III paraphrase; source wording is historically inconsistent and should not be treated as modern consensus.,true
SIX_OF_SWORDS,WAITE_PKD_1910,REVERSED,GENERAL,숨겨진 내용이 고백·선언·공개되며 관계나 제안이 밖으로 드러나는 흐름,공개할 내용과 시점을 사전에 정리하세요.,,1,3,4,2,0,DERIVED,"Part III §2 — Swords, Six",,,10,APPROVED,SOURCE_PARAPHRASE_EDITORIAL_V1,Waite Part III paraphrase; source wording is historically inconsistent and should not be treated as modern consensus.,true
SEVEN_OF_SWORDS,WAITE_PKD_1910,UPRIGHT,GENERAL,계획과 기지를 사용하지만 실패·다툼·불확실성이 섞여 있는 전략,목표·위험·대안을 숨김없이 점검하세요.,영리한 계획이 기만으로 변하지 않게 하세요.,1,3,3,2,0,DERIVED,"Part III §2 — Swords, Seven",,,10,APPROVED,SOURCE_PARAPHRASE_EDITORIAL_V1,Waite Part III paraphrase; source wording is historically inconsistent and should not be treated as modern consensus.,true
SEVEN_OF_SWORDS,WAITE_PKD_1910,REVERSED,GENERAL,조언과 정보가 들어오지만 소문·비방·말의 과잉도 함께 섞이는 상태,소식의 출처와 구체적인 다음 행동을 확인하세요.,,2,3,4,2,0,DERIVED,"Part III §2 — Swords, Seven",,,10,APPROVED,SOURCE_PARAPHRASE_EDITORIAL_V1,Waite Part III paraphrase; source wording is historically inconsistent and should not be treated as modern consensus.,true
EIGHT_OF_SWORDS,WAITE_PKD_1910,UPRIGHT,GENERAL,위기와 비난 속에서 권한과 행동이 묶여 선택지가 제한된 상태,바꿀 수 있는 제한과 바꿀 수 없는 제한을 구분하세요.,제약을 영구적인 운명으로 단정하지 마세요.,-3,1,1,1,1,DERIVED,"Part III §2 — Swords, Eight",,,10,APPROVED,SOURCE_PARAPHRASE_EDITORIAL_V1,Waite Part III paraphrase; source wording is historically inconsistent and should not be treated as modern consensus.,true
EIGHT_OF_SWORDS,WAITE_PKD_1910,REVERSED,GENERAL,예상 못한 방해·사고·배신이 제약을 더 복잡하게 만드는 상태,실패 원인을 작게 나누고 다시 시도할 조건을 정하세요.,,-2,1,1,1,1,DERIVED,"Part III §2 — Swords, Eight",,,10,APPROVED,SOURCE_PARAPHRASE_EDITORIAL_V1,Waite Part III paraphrase; source wording is historically inconsistent and should not be treated as modern consensus.,true
NINE_OF_SWORDS,WAITE_PKD_1910,UPRIGHT,GENERAL,실패·지연·기만·실망이 극심한 걱정과 절망으로 이어지는 상태,사실과 예상 걱정을 분리해 적어보세요.,불안을 확정된 결과로 받아들이지 마세요.,-4,0,0,0,0,DERIVED,"Part III §2 — Swords, Nine",,,10,APPROVED,SOURCE_PARAPHRASE_EDITORIAL_V1,Waite Part III paraphrase; source wording is historically inconsistent and should not be treated as modern consensus.,true
NINE_OF_SWORDS,WAITE_PKD_1910,REVERSED,GENERAL,의심·수치·두려움이 마음을 가두어 실제 위험보다 더 크게 느끼게 하는 상태,가장 두려운 결과와 그 대응책을 구체화하세요.,,-3,0,0,1,0,DERIVED,"Part III §2 — Swords, Nine",,,10,APPROVED,SOURCE_PARAPHRASE_EDITORIAL_V1,Waite Part III paraphrase; source wording is historically inconsistent and should not be treated as modern consensus.,true
TEN_OF_SWORDS,WAITE_PKD_1910,UPRIGHT,GENERAL,고통과 상실이 한계에 도달해 기존 국면이 사실상 끝난 상태,끝내야 할 부분과 남겨야 할 자산을 구분하세요.,,-2,1,1,1,5,DERIVED,"Part III §2 — Swords, Ten",,,10,APPROVED,SOURCE_PARAPHRASE_EDITORIAL_V1,Waite Part III paraphrase; source wording is historically inconsistent and should not be treated as modern consensus.,true
TEN_OF_SWORDS,WAITE_PKD_1910,REVERSED,GENERAL,불리한 국면 뒤에 일시적인 이익·호의·회복이 나타나는 흐름,회복 신호를 확인하고 재발 원인을 정리하세요.,,3,2,2,3,1,DERIVED,"Part III §2 — Swords, Ten",,,10,APPROVED,SOURCE_PARAPHRASE_EDITORIAL_V1,Waite Part III paraphrase; source wording is historically inconsistent and should not be treated as modern consensus.,true
PAGE_OF_SWORDS,WAITE_PKD_1910,UPRIGHT,GENERAL,경계·조사·감시를 통해 숨은 위험과 정보를 적극적으로 살피는 상태,의심만 키우지 말고 확인할 항목과 방법을 정하세요.,,1,3,3,3,0,DERIVED,"Part III §2 — Swords, Page",,,10,APPROVED,SOURCE_PARAPHRASE_EDITORIAL_V1,Waite Part III paraphrase; source wording is historically inconsistent and should not be treated as modern consensus.,true
PAGE_OF_SWORDS,WAITE_PKD_1910,REVERSED,GENERAL,준비하지 못한 사건과 악의적 감시·예상 밖의 문제가 들어오는 상태,최악의 경우에 필요한 최소 대응책을 준비하세요.,,-3,1,2,0,0,DERIVED,"Part III §2 — Swords, Page",,,10,APPROVED,SOURCE_PARAPHRASE_EDITORIAL_V1,Waite Part III paraphrase; source wording is historically inconsistent and should not be treated as modern consensus.,true
KNIGHT_OF_SWORDS,WAITE_PKD_1910,UPRIGHT,GENERAL,기술과 용기를 앞세워 매우 빠르게 맞서고 돌파하려는 공격적 움직임,속도가 붙기 전에 결정 기준과 담당을 정하세요.,속도 때문에 조건 검토를 생략하지 마세요.,3,5,5,2,0,DERIVED,"Part III §2 — Swords, Knight",,,10,APPROVED,SOURCE_PARAPHRASE_EDITORIAL_V1,Waite Part III paraphrase; source wording is historically inconsistent and should not be treated as modern consensus.,true
KNIGHT_OF_SWORDS,WAITE_PKD_1910,REVERSED,GENERAL,성급함·무능·과장이 행동을 통제하지 못해 손실을 만드는 상태,행동 전에 최소한의 손실 한도와 되돌릴 방법을 정하세요.,흥분 상태에서 장기 약속을 확정하지 마세요.,-1,5,5,0,0,DERIVED,"Part III §2 — Swords, Knight",,,10,APPROVED,SOURCE_PARAPHRASE_EDITORIAL_V1,Waite Part III paraphrase; source wording is historically inconsistent and should not be treated as modern consensus.,true
QUEEN_OF_SWORDS,WAITE_PKD_1910,UPRIGHT,GENERAL,상실과 분리를 겪은 뒤 감정을 절제하고 냉정하게 현실을 보는 상태,잃은 것과 아직 남아 있는 것을 따로 확인하세요.,손실을 만회하려 같은 선택을 반복하지 마세요.,-4,1,1,0,3,DERIVED,"Part III §2 — Swords, Queen",,,10,APPROVED,SOURCE_PARAPHRASE_EDITORIAL_V1,Waite Part III paraphrase; source wording is historically inconsistent and should not be treated as modern consensus.,true
QUEEN_OF_SWORDS,WAITE_PKD_1910,REVERSED,GENERAL,슬픔과 엄격함이 악의·편견·기만으로 굳어지는 상태,말보다 검증 가능한 사실과 기록을 확인하세요.,확인되지 않은 약속을 믿고 선행하지 마세요.,-3,3,3,0,0,DERIVED,"Part III §2 — Swords, Queen",,,10,APPROVED,SOURCE_PARAPHRASE_EDITORIAL_V1,Waite Part III paraphrase; source wording is historically inconsistent and should not be treated as modern consensus.,true
KING_OF_SWORDS,WAITE_PKD_1910,UPRIGHT,GENERAL,판단·법·명령·지성을 사용해 질서와 결정을 세우는 권위,권한의 근거와 책임 범위를 문서로 확인하세요.,,2,3,2,4,0,DERIVED,"Part III §2 — Swords, King",,,10,APPROVED,SOURCE_PARAPHRASE_EDITORIAL_V1,Waite Part III paraphrase; source wording is historically inconsistent and should not be treated as modern consensus.,true
KING_OF_SWORDS,WAITE_PKD_1910,REVERSED,GENERAL,권력과 판단이 잔혹함·배신·악의로 변하는 권력 남용,권한과 책임의 경계를 다시 세우세요.,상대의 권위만으로 판단하지 마세요.,-4,3,3,0,1,DERIVED,"Part III §2 — Swords, King",,,10,APPROVED,SOURCE_PARAPHRASE_EDITORIAL_V1,Waite Part III paraphrase; source wording is historically inconsistent and should not be treated as modern consensus.,true
ACE_OF_PENTACLES,WAITE_PKD_1910,UPRIGHT,GENERAL,돈·자원·안락함과 현실적인 번영을 시작할 수 있는 강한 기회,기회의 실제 가치와 유지 비용을 함께 계산하세요.,,4,4,3,4,0,DERIVED,"Part III §2 — Pentacles, Ace",,,10,APPROVED,SOURCE_PARAPHRASE_EDITORIAL_V1,Waite Part III paraphrase; source wording is historically inconsistent and should not be treated as modern consensus.,true
ACE_OF_PENTACLES,WAITE_PKD_1910,REVERSED,GENERAL,부는 커질 수 있지만 탐욕·나쁜 소식·소유의 부작용이 함께 커지는 상태,양을 늘리기보다 적정 수준과 중단 기준을 정하세요.,,-1,4,4,1,0,DERIVED,"Part III §2 — Pentacles, Ace",,,10,APPROVED,SOURCE_PARAPHRASE_EDITORIAL_V1,Waite Part III paraphrase; source wording is historically inconsistent and should not be treated as modern consensus.,true
TWO_OF_PENTACLES,WAITE_PKD_1910,UPRIGHT,GENERAL,여러 일과 소식을 유연하게 돌리지만 장애와 소란도 함께 관리해야 하는 상태,우선순위를 정하고 동시에 다룰 일의 수를 줄이세요.,,1,4,3,2,0,DERIVED,"Part III §2 — Pentacles, Two",,,10,APPROVED,SOURCE_PARAPHRASE_EDITORIAL_V1,Waite Part III paraphrase; source wording is historically inconsistent and should not be treated as modern consensus.,true
TWO_OF_PENTACLES,WAITE_PKD_1910,REVERSED,GENERAL,겉으로 즐거운 척하며 실제 부담을 숨기거나 문서·거래가 복잡해지는 상태,겉모습과 실제 부담 사이의 차이를 인정하세요.,,-2,2,2,1,0,DERIVED,"Part III §2 — Pentacles, Two",,,10,APPROVED,SOURCE_PARAPHRASE_EDITORIAL_V1,Waite Part III paraphrase; source wording is historically inconsistent and should not be treated as modern consensus.,true
THREE_OF_PENTACLES,WAITE_PKD_1910,UPRIGHT,GENERAL,숙련된 노동과 협업이 명예·평판·전문적 성과로 이어지는 흐름,결과의 품질 기준을 정하고 꾸준히 반복하세요.,,3,4,2,4,0,DERIVED,"Part III §2 — Pentacles, Three",,,10,APPROVED,SOURCE_PARAPHRASE_EDITORIAL_V1,Waite Part III paraphrase; source wording is historically inconsistent and should not be treated as modern consensus.,true
THREE_OF_PENTACLES,WAITE_PKD_1910,REVERSED,GENERAL,기준과 숙련이 부족해 결과가 평범하고 미숙하게 머무는 상태,부족한 기준을 인정하고 다시 연습할 항목을 정하세요.,,-2,1,1,1,0,DERIVED,"Part III §2 — Pentacles, Three",,,10,APPROVED,SOURCE_PARAPHRASE_EDITORIAL_V1,Waite Part III paraphrase; source wording is historically inconsistent and should not be treated as modern consensus.,true
FOUR_OF_PENTACLES,WAITE_PKD_1910,UPRIGHT,GENERAL,보유한 재산과 기반을 단단히 지키지만 놓지 못하는 성향도 강한 상태,안정을 지키되 자원이 묶여 기회를 막지 않는지 보세요.,,3,2,1,5,0,DERIVED,"Part III §2 — Pentacles, Four",,,10,APPROVED,SOURCE_PARAPHRASE_EDITORIAL_V1,Waite Part III paraphrase; source wording is historically inconsistent and should not be treated as modern consensus.,true
FOUR_OF_PENTACLES,WAITE_PKD_1910,REVERSED,GENERAL,소유와 계획이 지연·반대·긴장에 묶여 움직이지 못하는 상태,지연 원인과 재개 조건을 명확히 정하세요.,,-1,1,0,1,0,DERIVED,"Part III §2 — Pentacles, Four",,,10,APPROVED,SOURCE_PARAPHRASE_EDITORIAL_V1,Waite Part III paraphrase; source wording is historically inconsistent and should not be treated as modern consensus.,true
FIVE_OF_PENTACLES,WAITE_PKD_1910,UPRIGHT,GENERAL,돈·생활 기반·지원이 부족해 소외와 물질적 어려움을 겪는 상태,혼자 버티기보다 이용 가능한 지원과 비용 절감책을 찾으세요.,,-4,1,1,0,2,DERIVED,"Part III §2 — Pentacles, Five",,,10,APPROVED,SOURCE_PARAPHRASE_EDITORIAL_V1,Waite Part III paraphrase; source wording is historically inconsistent and should not be treated as modern consensus.,true
FIVE_OF_PENTACLES,WAITE_PKD_1910,REVERSED,GENERAL,궁핍이 혼란·낭비·불화와 결합해 구조적인 붕괴로 번지는 상태,무너진 가정과 실제로 남은 자원을 분리하세요.,충격 속에서 추가 결정을 서두르지 마세요.,-4,4,5,0,4,DERIVED,"Part III §2 — Pentacles, Five",,,10,APPROVED,SOURCE_PARAPHRASE_EDITORIAL_V1,Waite Part III paraphrase; source wording is historically inconsistent and should not be treated as modern consensus.,true
SIX_OF_PENTACLES,WAITE_PKD_1910,UPRIGHT,GENERAL,선물·도움·자원을 주고받으며 현재의 번영을 나누는 흐름,주는 조건과 받는 책임을 서로 명확히 하세요.,,3,3,2,4,0,DERIVED,"Part III §2 — Pentacles, Six",,,10,APPROVED,SOURCE_PARAPHRASE_EDITORIAL_V1,Waite Part III paraphrase; source wording is historically inconsistent and should not be treated as modern consensus.,true
SIX_OF_PENTACLES,WAITE_PKD_1910,REVERSED,GENERAL,도움과 돈의 관계에 욕심·질투·소유욕이 개입하는 상태,필요한 몫과 과도한 욕심을 구분하세요.,,-3,3,2,0,0,DERIVED,"Part III §2 — Pentacles, Six",,,10,APPROVED,SOURCE_PARAPHRASE_EDITORIAL_V1,Waite Part III paraphrase; source wording is historically inconsistent and should not be treated as modern consensus.,true
SEVEN_OF_PENTACLES,WAITE_PKD_1910,UPRIGHT,GENERAL,돈·사업·교환의 결과를 지켜보며 더 투자할지 평가하는 상태,추가 투자 전에 지금까지의 수익과 비용을 계산하세요.,,1,1,0,3,0,DERIVED,"Part III §2 — Pentacles, Seven",,,10,APPROVED,SOURCE_PARAPHRASE_EDITORIAL_V1,Waite Part III paraphrase; source wording is historically inconsistent and should not be treated as modern consensus.,true
SEVEN_OF_PENTACLES,WAITE_PKD_1910,REVERSED,GENERAL,돈을 빌리거나 더 투자하는 문제 때문에 불안과 의심이 커지는 상태,사실과 예상 걱정을 분리해 적어보세요.,불안을 확정된 결과로 받아들이지 마세요.,-4,0,0,0,0,DERIVED,"Part III §2 — Pentacles, Seven",,,10,APPROVED,SOURCE_PARAPHRASE_EDITORIAL_V1,Waite Part III paraphrase; source wording is historically inconsistent and should not be treated as modern consensus.,true
EIGHT_OF_PENTACLES,WAITE_PKD_1910,UPRIGHT,GENERAL,반복 작업과 기술 연마로 실제 쓸 수 있는 숙련을 만드는 단계,결과의 품질 기준을 정하고 꾸준히 반복하세요.,,3,4,2,4,0,DERIVED,"Part III §2 — Pentacles, Eight",,,10,APPROVED,SOURCE_PARAPHRASE_EDITORIAL_V1,Waite Part III paraphrase; source wording is historically inconsistent and should not be treated as modern consensus.,true
EIGHT_OF_PENTACLES,WAITE_PKD_1910,REVERSED,GENERAL,기술이 허영·탐욕·착취·교묘한 술수에 사용되는 상태,수단이 목적을 해치지 않는지 다시 점검하세요.,,-3,3,3,0,1,DERIVED,"Part III §2 — Pentacles, Eight",,,10,APPROVED,SOURCE_PARAPHRASE_EDITORIAL_V1,Waite Part III paraphrase; source wording is historically inconsistent and should not be treated as modern consensus.,true
NINE_OF_PENTACLES,WAITE_PKD_1910,UPRIGHT,GENERAL,신중한 판단과 성취를 바탕으로 안전하고 독립적인 기반을 누리는 상태,성과를 유지할 수 있는 독립적 기반을 강화하세요.,,4,3,2,5,0,DERIVED,"Part III §2 — Pentacles, Nine",,,10,APPROVED,SOURCE_PARAPHRASE_EDITORIAL_V1,Waite Part III paraphrase; source wording is historically inconsistent and should not be treated as modern consensus.,true
NINE_OF_PENTACLES,WAITE_PKD_1910,REVERSED,GENERAL,사기·나쁜 믿음·잘못된 계획 때문에 구축한 기반이 흔들리는 상태,말보다 검증 가능한 사실과 기록을 확인하세요.,확인되지 않은 약속을 믿고 선행하지 마세요.,-3,3,3,0,0,DERIVED,"Part III §2 — Pentacles, Nine",,,10,APPROVED,SOURCE_PARAPHRASE_EDITORIAL_V1,Waite Part III paraphrase; source wording is historically inconsistent and should not be treated as modern consensus.,true
TEN_OF_PENTACLES,WAITE_PKD_1910,UPRIGHT,GENERAL,부·가족·집·기록과 전통이 오래 지속되는 기반으로 축적되는 흐름,단기 이익보다 오래 남길 구조와 책임을 확인하세요.,,4,2,1,5,3,DERIVED,"Part III §2 — Pentacles, Ten",,,10,APPROVED,SOURCE_PARAPHRASE_EDITORIAL_V1,Waite Part III paraphrase; source wording is historically inconsistent and should not be treated as modern consensus.,true
TEN_OF_PENTACLES,WAITE_PKD_1910,REVERSED,GENERAL,우연·도박·절도·손실이 재산과 가족 기반을 흔드는 상태,잃은 것과 아직 남아 있는 것을 따로 확인하세요.,손실을 만회하려 같은 선택을 반복하지 마세요.,-4,1,1,0,3,DERIVED,"Part III §2 — Pentacles, Ten",,,10,APPROVED,SOURCE_PARAPHRASE_EDITORIAL_V1,Waite Part III paraphrase; source wording is historically inconsistent and should not be treated as modern consensus.,true
PAGE_OF_PENTACLES,WAITE_PKD_1910,UPRIGHT,GENERAL,공부·연구·실무 준비와 관리 능력을 키우며 현실적인 소식을 받는 단계,배울 내용을 실제 결과물로 연결하는 계획을 세우세요.,,2,2,2,3,0,DERIVED,"Part III §2 — Pentacles, Page",,,10,APPROVED,SOURCE_PARAPHRASE_EDITORIAL_V1,Waite Part III paraphrase; source wording is historically inconsistent and should not be treated as modern consensus.,true
PAGE_OF_PENTACLES,WAITE_PKD_1910,REVERSED,GENERAL,낭비·사치·산만함 때문에 학습과 자원의 가치가 새어 나가는 상태,지출과 에너지 사용에서 당장 끊을 항목을 정하세요.,,-3,2,3,0,0,DERIVED,"Part III §2 — Pentacles, Page",,,10,APPROVED,SOURCE_PARAPHRASE_EDITORIAL_V1,Waite Part III paraphrase; source wording is historically inconsistent and should not be treated as modern consensus.,true
KNIGHT_OF_PENTACLES,WAITE_PKD_1910,UPRIGHT,GENERAL,실용성·책임감·정직함으로 맡은 일을 느리지만 꾸준히 수행하는 상태,작은 약속을 일정하게 지키며 신뢰를 쌓으세요.,,3,3,1,5,0,DERIVED,"Part III §2 — Pentacles, Knight",,,10,APPROVED,SOURCE_PARAPHRASE_EDITORIAL_V1,Waite Part III paraphrase; source wording is historically inconsistent and should not be treated as modern consensus.,true
KNIGHT_OF_PENTACLES,WAITE_PKD_1910,REVERSED,GENERAL,느림이 무기력·게으름·정체와 부주의로 굳어지는 상태,정체를 깨기 위한 가장 작은 행동을 기한과 함께 정하세요.,,-2,0,0,2,0,DERIVED,"Part III §2 — Pentacles, Knight",,,10,APPROVED,SOURCE_PARAPHRASE_EDITORIAL_V1,Waite Part III paraphrase; source wording is historically inconsistent and should not be treated as modern consensus.,true
QUEEN_OF_PENTACLES,WAITE_PKD_1910,UPRIGHT,GENERAL,풍요·관대함·안정과 자유를 현실적인 돌봄으로 제공하는 힘,이미 가진 자원과 성장 조건을 구체적으로 활용하세요.,,4,3,2,4,0,DERIVED,"Part III §2 — Pentacles, Queen",,,10,APPROVED,SOURCE_PARAPHRASE_EDITORIAL_V1,Waite Part III paraphrase; source wording is historically inconsistent and should not be treated as modern consensus.,true
QUEEN_OF_PENTACLES,WAITE_PKD_1910,REVERSED,GENERAL,안정이 의심·두려움·불신에 흔들려 자원을 편안히 쓰지 못하는 상태,의심을 해소할 수 있는 증거와 질문을 정하세요.,,-2,1,1,1,0,DERIVED,"Part III §2 — Pentacles, Queen",,,10,APPROVED,SOURCE_PARAPHRASE_EDITORIAL_V1,Waite Part III paraphrase; source wording is historically inconsistent and should not be treated as modern consensus.,true
KING_OF_PENTACLES,WAITE_PKD_1910,UPRIGHT,GENERAL,사업 감각·현실 판단·전문성과 계산 능력으로 안정된 성공을 만드는 힘,검증된 능력을 구체적인 성과와 책임으로 연결하세요.,,4,4,3,5,0,DERIVED,"Part III §2 — Pentacles, King",,,10,APPROVED,SOURCE_PARAPHRASE_EDITORIAL_V1,Waite Part III paraphrase; source wording is historically inconsistent and should not be treated as modern consensus.,true
KING_OF_PENTACLES,WAITE_PKD_1910,REVERSED,GENERAL,능력과 부가 탐욕·부패·무책임으로 변해 위험을 만드는 상태,이익 구조와 책임 소재를 투명하게 확인하세요.,,-4,2,2,0,2,DERIVED,"Part III §2 — Pentacles, King",,,10,APPROVED,SOURCE_PARAPHRASE_EDITORIAL_V1,Waite Part III paraphrase; source wording is historically inconsistent and should not be treated as modern consensus.,true
