card_code,source_code,correspondence_type,value,source_locator,page_start,page_end,priority,review_status,review_method,review_notes,is_active
FOOL,GOLDEN_DAWN_BOOK_T_1912,GD_TITLE,The Spirit of Aether,Liber LXXVIII — Trumps — FOOL,,,10,APPROVED,PRIMARY_TABLE_NORMALIZATION_V1,Normalized from the 1912 Book T tables; RWS card order retained.,true
FOOL,GOLDEN_DAWN_BOOK_T_1912,HEBREW_LETTER,ALEPH,Liber LXXVIII — Trumps — FOOL,,,10,APPROVED,PRIMARY_TABLE_NORMALIZATION_V1,Normalized from the 1912 Book T tables; RWS card order retained.,true
FOOL,GOLDEN_DAWN_BOOK_T_1912,TREE_PATH,11 KETHER-CHOKMAH,Liber LXXVIII — Trumps — FOOL,,,10,APPROVED,PRIMARY_TABLE_NORMALIZATION_V1,Normalized from the 1912 Book T tables; RWS card order retained.,true
FOOL,GOLDEN_DAWN_BOOK_T_1912,ELEMENT,AIR,Liber LXXVIII — Trumps — FOOL,,,10,APPROVED,PRIMARY_TABLE_NORMALIZATION_V1,Normalized from the 1912 Book T tables; RWS card order retained.,true
MAGICIAN,GOLDEN_DAWN_BOOK_T_1912,GD_TITLE,The Magus of Power,Liber LXXVIII — Trumps — MAGICIAN,,,10,APPROVED,PRIMARY_TABLE_NORMALIZATION_V1,Normalized from the 1912 Book T tables; RWS card order retained.,true
MAGICIAN,GOLDEN_DAWN_BOOK_T_1912,HEBREW_LETTER,BETH,Liber LXXVIII — Trumps — MAGICIAN,,,10,APPROVED,PRIMARY_TABLE_NORMALIZATION_V1,Normalized from the 1912 Book T tables; RWS card order retained.,true
MAGICIAN,GOLDEN_DAWN_BOOK_T_1912,TREE_PATH,12 KETHER-BINAH,Liber LXXVIII — Trumps — MAGICIAN,,,10,APPROVED,PRIMARY_TABLE_NORMALIZATION_V1,Normalized from the 1912 Book T tables; RWS card order retained.,true
MAGICIAN,GOLDEN_DAWN_BOOK_T_1912,PLANET,MERCURY,Liber LXXVIII — Trumps — MAGICIAN,,,10,APPROVED,PRIMARY_TABLE_NORMALIZATION_V1,Normalized from the 1912 Book T tables; RWS card order retained.,true
MAGICIAN,GOLDEN_DAWN_BOOK_T_1912,ELEMENT,AIR,Liber LXXVIII — Trumps — MAGICIAN,,,10,APPROVED,PRIMARY_TABLE_NORMALIZATION_V1,Normalized from the 1912 Book T tables; RWS card order retained.,true
HIGH_PRIESTESS,GOLDEN_DAWN_BOOK_T_1912,GD_TITLE,The Priestess of the Silver Star,Liber LXXVIII — Trumps — HIGH_PRIESTESS,,,10,APPROVED,PRIMARY_TABLE_NORMALIZATION_V1,Normalized from the 1912 Book T tables; RWS card order retained.,true
HIGH_PRIESTESS,GOLDEN_DAWN_BOOK_T_1912,HEBREW_LETTER,GIMEL,Liber LXXVIII — Trumps — HIGH_PRIESTESS,,,10,APPROVED,PRIMARY_TABLE_NORMALIZATION_V1,Normalized from the 1912 Book T tables; RWS card order retained.,true
HIGH_PRIESTESS,GOLDEN_DAWN_BOOK_T_1912,TREE_PATH,13 KETHER-TIPHARETH,Liber LXXVIII — Trumps — HIGH_PRIESTESS,,,10,APPROVED,PRIMARY_TABLE_NORMALIZATION_V1,Normalized from the 1912 Book T tables; RWS card order retained.,true
HIGH_PRIESTESS,GOLDEN_DAWN_BOOK_T_1912,PLANET,MOON,Liber LXXVIII — Trumps — HIGH_PRIESTESS,,,10,APPROVED,PRIMARY_TABLE_NORMALIZATION_V1,Normalized from the 1912 Book T tables; RWS card order retained.,true
HIGH_PRIESTESS,GOLDEN_DAWN_BOOK_T_1912,ELEMENT,WATER,Liber LXXVIII — Trumps — HIGH_PRIESTESS,,,10,APPROVED,PRIMARY_TABLE_NORMALIZATION_V1,Normalized from the 1912 Book T tables; RWS card order retained.,true
EMPRESS,GOLDEN_DAWN_BOOK_T_1912,GD_TITLE,The Daughter of the Mighty Ones,Liber LXXVIII — Trumps — EMPRESS,,,10,APPROVED,PRIMARY_TABLE_NORMALIZATION_V1,Normalized from the 1912 Book T tables; RWS card order retained.,true
EMPRESS,GOLDEN_DAWN_BOOK_T_1912,HEBREW_LETTER,DALETH,Liber LXXVIII — Trumps — EMPRESS,,,10,APPROVED,PRIMARY_TABLE_NORMALIZATION_V1,Normalized from the 1912 Book T tables; RWS card order retained.,true
EMPRESS,GOLDEN_DAWN_BOOK_T_1912,TREE_PATH,14 CHOKMAH-BINAH,Liber LXXVIII — Trumps — EMPRESS,,,10,APPROVED,PRIMARY_TABLE_NORMALIZATION_V1,Normalized from the 1912 Book T tables; RWS card order retained.,true
EMPRESS,GOLDEN_DAWN_BOOK_T_1912,PLANET,VENUS,Liber LXXVIII — Trumps — EMPRESS,,,10,APPROVED,PRIMARY_TABLE_NORMALIZATION_V1,Normalized from the 1912 Book T tables; RWS card order retained.,true
EMPRESS,GOLDEN_DAWN_BOOK_T_1912,ELEMENT,EARTH,Liber LXXVIII — Trumps — EMPRESS,,,10,APPROVED,PRIMARY_TABLE_NORMALIZATION_V1,Normalized from the 1912 Book T tables; RWS card order retained.,true
EMPEROR,GOLDEN_DAWN_BOOK_T_1912,GD_TITLE,"Son of the Morning, Chief among the Mighty",Liber LXXVIII — Trumps — EMPEROR,,,10,APPROVED,PRIMARY_TABLE_NORMALIZATION_V1,Normalized from the 1912 Book T tables; RWS card order retained.,true
EMPEROR,GOLDEN_DAWN_BOOK_T_1912,HEBREW_LETTER,HEH,Liber LXXVIII — Trumps — EMPEROR,,,10,APPROVED,PRIMARY_TABLE_NORMALIZATION_V1,Normalized from the 1912 Book T tables; RWS card order retained.,true
EMPEROR,GOLDEN_DAWN_BOOK_T_1912,TREE_PATH,15 CHOKMAH-TIPHARETH,Liber LXXVIII — Trumps — EMPEROR,,,10,APPROVED,PRIMARY_TABLE_NORMALIZATION_V1,Normalized from the 1912 Book T tables; RWS card order retained.,true
EMPEROR,GOLDEN_DAWN_BOOK_T_1912,ZODIAC,ARIES,Liber LXXVIII — Trumps — EMPEROR,,,10,APPROVED,PRIMARY_TABLE_NORMALIZATION_V1,Normalized from the 1912 Book T tables; RWS card order retained.,true
EMPEROR,GOLDEN_DAWN_BOOK_T_1912,ELEMENT,FIRE,Liber LXXVIII — Trumps — EMPEROR,,,10,APPROVED,PRIMARY_TABLE_NORMALIZATION_V1,Normalized from the 1912 Book T tables; RWS card order retained.,true
HIEROPHANT,GOLDEN_DAWN_BOOK_T_1912,GD_TITLE,The Magus of the Eternal,Liber LXXVIII — Trumps — HIEROPHANT,,,10,APPROVED,PRIMARY_TABLE_NORMALIZATION_V1,Normalized from the 1912 Book T tables; RWS card order retained.,true
HIEROPHANT,GOLDEN_DAWN_BOOK_T_1912,HEBREW_LETTER,VAV,Liber LXXVIII — Trumps — HIEROPHANT,,,10,APPROVED,PRIMARY_TABLE_NORMALIZATION_V1,Normalized from the 1912 Book T tables; RWS card order retained.,true
HIEROPHANT,GOLDEN_DAWN_BOOK_T_1912,TREE_PATH,16 CHOKMAH-CHESED,Liber LXXVIII — Trumps — HIEROPHANT,,,10,APPROVED,PRIMARY_TABLE_NORMALIZATION_V1,Normalized from the 1912 Book T tables; RWS card order retained.,true
HIEROPHANT,GOLDEN_DAWN_BOOK_T_1912,ZODIAC,TAURUS,Liber LXXVIII — Trumps — HIEROPHANT,,,10,APPROVED,PRIMARY_TABLE_NORMALIZATION_V1,Normalized from the 1912 Book T tables; RWS card order retained.,true
HIEROPHANT,GOLDEN_DAWN_BOOK_T_1912,ELEMENT,EARTH,Liber LXXVIII — Trumps — HIEROPHANT,,,10,APPROVED,PRIMARY_TABLE_NORMALIZATION_V1,Normalized from the 1912 Book T tables; RWS card order retained.,true
LOVERS,GOLDEN_DAWN_BOOK_T_1912,GD_TITLE,The Children of the Voice; the Oracles of the Mighty Gods,Liber LXXVIII — Trumps — LOVERS,,,10,APPROVED,PRIMARY_TABLE_NORMALIZATION_V1,Normalized from the 1912 Book T tables; RWS card order retained.,true
LOVERS,GOLDEN_DAWN_BOOK_T_1912,HEBREW_LETTER,ZAYIN,Liber LXXVIII — Trumps — LOVERS,,,10,APPROVED,PRIMARY_TABLE_NORMALIZATION_V1,Normalized from the 1912 Book T tables; RWS card order retained.,true
LOVERS,GOLDEN_DAWN_BOOK_T_1912,TREE_PATH,17 BINAH-TIPHARETH,Liber LXXVIII — Trumps — LOVERS,,,10,APPROVED,PRIMARY_TABLE_NORMALIZATION_V1,Normalized from the 1912 Book T tables; RWS card order retained.,true
LOVERS,GOLDEN_DAWN_BOOK_T_1912,ZODIAC,GEMINI,Liber LXXVIII — Trumps — LOVERS,,,10,APPROVED,PRIMARY_TABLE_NORMALIZATION_V1,Normalized from the 1912 Book T tables; RWS card order retained.,true
LOVERS,GOLDEN_DAWN_BOOK_T_1912,ELEMENT,AIR,Liber LXXVIII — Trumps — LOVERS,,,10,APPROVED,PRIMARY_TABLE_NORMALIZATION_V1,Normalized from the 1912 Book T tables; RWS card order retained.,true
CHARIOT,GOLDEN_DAWN_BOOK_T_1912,GD_TITLE,The Child of the Powers of the Waters; the Lord of the Triumph of Light,Liber LXXVIII — Trumps — CHARIOT,,,10,APPROVED,PRIMARY_TABLE_NORMALIZATION_V1,Normalized from the 1912 Book T tables; RWS card order retained.,true
CHARIOT,GOLDEN_DAWN_BOOK_T_1912,HEBREW_LETTER,CHETH,Liber LXXVIII — Trumps — CHARIOT,,,10,APPROVED,PRIMARY_TABLE_NORMALIZATION_V1,Normalized from the 1912 Book T tables; RWS card order retained.,true
CHARIOT,GOLDEN_DAWN_BOOK_T_1912,TREE_PATH,18 BINAH-GEBURAH,Liber LXXVIII — Trumps — CHARIOT,,,10,APPROVED,PRIMARY_TABLE_NORMALIZATION_V1,Normalized from the 1912 Book T tables; RWS card order retained.,true
CHARIOT,GOLDEN_DAWN_BOOK_T_1912,ZODIAC,CANCER,Liber LXXVIII — Trumps — CHARIOT,,,10,APPROVED,PRIMARY_TABLE_NORMALIZATION_V1,Normalized from the 1912 Book T tables; RWS card order retained.,true
CHARIOT,GOLDEN_DAWN_BOOK_T_1912,ELEMENT,WATER,Liber LXXVIII — Trumps — CHARIOT,,,10,APPROVED,PRIMARY_TABLE_NORMALIZATION_V1,Normalized from the 1912 Book T tables; RWS card order retained.,true
STRENGTH,GOLDEN_DAWN_BOOK_T_1912,GD_TITLE,The Daughter of the Flaming Sword,Liber LXXVIII — Trumps — STRENGTH,,,10,APPROVED,PRIMARY_TABLE_NORMALIZATION_V1,Normalized from the 1912 Book T tables; RWS card order retained.,true
STRENGTH,GOLDEN_DAWN_BOOK_T_1912,HEBREW_LETTER,TETH,Liber LXXVIII — Trumps — STRENGTH,,,10,APPROVED,PRIMARY_TABLE_NORMALIZATION_V1,Normalized from the 1912 Book T tables; RWS card order retained.,true
STRENGTH,GOLDEN_DAWN_BOOK_T_1912,TREE_PATH,19 CHESED-GEBURAH,Liber LXXVIII — Trumps — STRENGTH,,,10,APPROVED,PRIMARY_TABLE_NORMALIZATION_V1,Normalized from the 1912 Book T tables; RWS card order retained.,true
STRENGTH,GOLDEN_DAWN_BOOK_T_1912,ZODIAC,LEO,Liber LXXVIII — Trumps — STRENGTH,,,10,APPROVED,PRIMARY_TABLE_NORMALIZATION_V1,Normalized from the 1912 Book T tables; RWS card order retained.,true
STRENGTH,GOLDEN_DAWN_BOOK_T_1912,ELEMENT,FIRE,Liber LXXVIII — Trumps — STRENGTH,,,10,APPROVED,PRIMARY_TABLE_NORMALIZATION_V1,Normalized from the 1912 Book T tables; RWS card order retained.,true
HERMIT,GOLDEN_DAWN_BOOK_T_1912,GD_TITLE,The Magus of the Voice of Power; the Prophet of the Eternal,Liber LXXVIII — Trumps — HERMIT,,,10,APPROVED,PRIMARY_TABLE_NORMALIZATION_V1,Normalized from the 1912 Book T tables; RWS card order retained.,true
HERMIT,GOLDEN_DAWN_BOOK_T_1912,HEBREW_LETTER,YOD,Liber LXXVIII — Trumps — HERMIT,,,10,APPROVED,PRIMARY_TABLE_NORMALIZATION_V1,Normalized from the 1912 Book T tables; RWS card order retained.,true
HERMIT,GOLDEN_DAWN_BOOK_T_1912,TREE_PATH,20 CHESED-TIPHARETH,Liber LXXVIII — Trumps — HERMIT,,,10,APPROVED,PRIMARY_TABLE_NORMALIZATION_V1,Normalized from the 1912 Book T tables; RWS card order retained.,true
HERMIT,GOLDEN_DAWN_BOOK_T_1912,ZODIAC,VIRGO,Liber LXXVIII — Trumps — HERMIT,,,10,APPROVED,PRIMARY_TABLE_NORMALIZATION_V1,Normalized from the 1912 Book T tables; RWS card order retained.,true
HERMIT,GOLDEN_DAWN_BOOK_T_1912,ELEMENT,EARTH,Liber LXXVIII — Trumps — HERMIT,,,10,APPROVED,PRIMARY_TABLE_NORMALIZATION_V1,Normalized from the 1912 Book T tables; RWS card order retained.,true
WHEEL_OF_FORTUNE,GOLDEN_DAWN_BOOK_T_1912,GD_TITLE,The Lord of the Forces of Life,Liber LXXVIII — Trumps — WHEEL_OF_FORTUNE,,,10,APPROVED,PRIMARY_TABLE_NORMALIZATION_V1,Normalized from the 1912 Book T tables; RWS card order retained.,true
WHEEL_OF_FORTUNE,GOLDEN_DAWN_BOOK_T_1912,HEBREW_LETTER,KAPH,Liber LXXVIII — Trumps — WHEEL_OF_FORTUNE,,,10,APPROVED,PRIMARY_TABLE_NORMALIZATION_V1,Normalized from the 1912 Book T tables; RWS card order retained.,true
WHEEL_OF_FORTUNE,GOLDEN_DAWN_BOOK_T_1912,TREE_PATH,21 CHESED-NETZACH,Liber LXXVIII — Trumps — WHEEL_OF_FORTUNE,,,10,APPROVED,PRIMARY_TABLE_NORMALIZATION_V1,Normalized from the 1912 Book T tables; RWS card order retained.,true
WHEEL_OF_FORTUNE,GOLDEN_DAWN_BOOK_T_1912,PLANET,JUPITER,Liber LXXVIII — Trumps — WHEEL_OF_FORTUNE,,,10,APPROVED,PRIMARY_TABLE_NORMALIZATION_V1,Normalized from the 1912 Book T tables; RWS card order retained.,true
WHEEL_OF_FORTUNE,GOLDEN_DAWN_BOOK_T_1912,ELEMENT,FIRE,Liber LXXVIII — Trumps — WHEEL_OF_FORTUNE,,,10,APPROVED,PRIMARY_TABLE_NORMALIZATION_V1,Normalized from the 1912 Book T tables; RWS card order retained.,true
JUSTICE,GOLDEN_DAWN_BOOK_T_1912,GD_TITLE,The Daughter of the Lords of Truth; the Ruler of the Balance,Liber LXXVIII — Trumps — JUSTICE,,,10,APPROVED,PRIMARY_TABLE_NORMALIZATION_V1,Normalized from the 1912 Book T tables; RWS card order retained.,true
JUSTICE,GOLDEN_DAWN_BOOK_T_1912,HEBREW_LETTER,LAMED,Liber LXXVIII — Trumps — JUSTICE,,,10,APPROVED,PRIMARY_TABLE_NORMALIZATION_V1,Normalized from the 1912 Book T tables; RWS card order retained.,true
JUSTICE,GOLDEN_DAWN_BOOK_T_1912,TREE_PATH,22 GEBURAH-TIPHARETH,Liber LXXVIII — Trumps — JUSTICE,,,10,APPROVED,PRIMARY_TABLE_NORMALIZATION_V1,Normalized from the 1912 Book T tables; RWS card order retained.,true
JUSTICE,GOLDEN_DAWN_BOOK_T_1912,ZODIAC,LIBRA,Liber LXXVIII — Trumps — JUSTICE,,,10,APPROVED,PRIMARY_TABLE_NORMALIZATION_V1,Normalized from the 1912 Book T tables; RWS card order retained.,true
JUSTICE,GOLDEN_DAWN_BOOK_T_1912,ELEMENT,AIR,Liber LXXVIII — Trumps — JUSTICE,,,10,APPROVED,PRIMARY_TABLE_NORMALIZATION_V1,Normalized from the 1912 Book T tables; RWS card order retained.,true
HANGED_MAN,GOLDEN_DAWN_BOOK_T_1912,GD_TITLE,The Spirit of the Mighty Waters,Liber LXXVIII — Trumps — HANGED_MAN,,,10,APPROVED,PRIMARY_TABLE_NORMALIZATION_V1,Normalized from the 1912 Book T tables; RWS card order retained.,true
HANGED_MAN,GOLDEN_DAWN_BOOK_T_1912,HEBREW_LETTER,MEM,Liber LXXVIII — Trumps — HANGED_MAN,,,10,APPROVED,PRIMARY_TABLE_NORMALIZATION_V1,Normalized from the 1912 Book T tables; RWS card order retained.,true
HANGED_MAN,GOLDEN_DAWN_BOOK_T_1912,TREE_PATH,23 GEBURAH-HOD,Liber LXXVIII — Trumps — HANGED_MAN,,,10,APPROVED,PRIMARY_TABLE_NORMALIZATION_V1,Normalized from the 1912 Book T tables; RWS card order retained.,true
HANGED_MAN,GOLDEN_DAWN_BOOK_T_1912,ELEMENT,WATER,Liber LXXVIII — Trumps — HANGED_MAN,,,10,APPROVED,PRIMARY_TABLE_NORMALIZATION_V1,Normalized from the 1912 Book T tables; RWS card order retained.,true
DEATH,GOLDEN_DAWN_BOOK_T_1912,GD_TITLE,The Child of the Great Transformers; the Lord of the Gates of Death,Liber LXXVIII — Trumps — DEATH,,,10,APPROVED,PRIMARY_TABLE_NORMALIZATION_V1,Normalized from the 1912 Book T tables; RWS card order retained.,true
DEATH,GOLDEN_DAWN_BOOK_T_1912,HEBREW_LETTER,NUN,Liber LXXVIII — Trumps — DEATH,,,10,APPROVED,PRIMARY_TABLE_NORMALIZATION_V1,Normalized from the 1912 Book T tables; RWS card order retained.,true
DEATH,GOLDEN_DAWN_BOOK_T_1912,TREE_PATH,24 TIPHARETH-NETZACH,Liber LXXVIII — Trumps — DEATH,,,10,APPROVED,PRIMARY_TABLE_NORMALIZATION_V1,Normalized from the 1912 Book T tables; RWS card order retained.,true
DEATH,GOLDEN_DAWN_BOOK_T_1912,ZODIAC,SCORPIO,Liber LXXVIII — Trumps — DEATH,,,10,APPROVED,PRIMARY_TABLE_NORMALIZATION_V1,Normalized from the 1912 Book T tables; RWS card order retained.,true
DEATH,GOLDEN_DAWN_BOOK_T_1912,ELEMENT,WATER,Liber LXXVIII — Trumps — DEATH,,,10,APPROVED,PRIMARY_TABLE_NORMALIZATION_V1,Normalized from the 1912 Book T tables; RWS card order retained.,true
TEMPERANCE,GOLDEN_DAWN_BOOK_T_1912,GD_TITLE,The Daughter of the Reconcilers; the Bringer-Forth of Life,Liber LXXVIII — Trumps — TEMPERANCE,,,10,APPROVED,PRIMARY_TABLE_NORMALIZATION_V1,Normalized from the 1912 Book T tables; RWS card order retained.,true
TEMPERANCE,GOLDEN_DAWN_BOOK_T_1912,HEBREW_LETTER,SAMEKH,Liber LXXVIII — Trumps — TEMPERANCE,,,10,APPROVED,PRIMARY_TABLE_NORMALIZATION_V1,Normalized from the 1912 Book T tables; RWS card order retained.,true
TEMPERANCE,GOLDEN_DAWN_BOOK_T_1912,TREE_PATH,25 TIPHARETH-YESOD,Liber LXXVIII — Trumps — TEMPERANCE,,,10,APPROVED,PRIMARY_TABLE_NORMALIZATION_V1,Normalized from the 1912 Book T tables; RWS card order retained.,true
TEMPERANCE,GOLDEN_DAWN_BOOK_T_1912,ZODIAC,SAGITTARIUS,Liber LXXVIII — Trumps — TEMPERANCE,,,10,APPROVED,PRIMARY_TABLE_NORMALIZATION_V1,Normalized from the 1912 Book T tables; RWS card order retained.,true
TEMPERANCE,GOLDEN_DAWN_BOOK_T_1912,ELEMENT,FIRE,Liber LXXVIII — Trumps — TEMPERANCE,,,10,APPROVED,PRIMARY_TABLE_NORMALIZATION_V1,Normalized from the 1912 Book T tables; RWS card order retained.,true
DEVIL,GOLDEN_DAWN_BOOK_T_1912,GD_TITLE,The Lord of the Gates of Matter; the Child of the Forces of Time,Liber LXXVIII — Trumps — DEVIL,,,10,APPROVED,PRIMARY_TABLE_NORMALIZATION_V1,Normalized from the 1912 Book T tables; RWS card order retained.,true
DEVIL,GOLDEN_DAWN_BOOK_T_1912,HEBREW_LETTER,AYIN,Liber LXXVIII — Trumps — DEVIL,,,10,APPROVED,PRIMARY_TABLE_NORMALIZATION_V1,Normalized from the 1912 Book T tables; RWS card order retained.,true
DEVIL,GOLDEN_DAWN_BOOK_T_1912,TREE_PATH,26 TIPHARETH-HOD,Liber LXXVIII — Trumps — DEVIL,,,10,APPROVED,PRIMARY_TABLE_NORMALIZATION_V1,Normalized from the 1912 Book T tables; RWS card order retained.,true
DEVIL,GOLDEN_DAWN_BOOK_T_1912,ZODIAC,CAPRICORN,Liber LXXVIII — Trumps — DEVIL,,,10,APPROVED,PRIMARY_TABLE_NORMALIZATION_V1,Normalized from the 1912 Book T tables; RWS card order retained.,true
DEVIL,GOLDEN_DAWN_BOOK_T_1912,ELEMENT,EARTH,Liber LXXVIII — Trumps — DEVIL,,,10,APPROVED,PRIMARY_TABLE_NORMALIZATION_V1,Normalized from the 1912 Book T tables; RWS card order retained.,true
TOWER,GOLDEN_DAWN_BOOK_T_1912,GD_TITLE,The Lord of the Hosts of the Mighty,Liber LXXVIII — Trumps — TOWER,,,10,APPROVED,PRIMARY_TABLE_NORMALIZATION_V1,Normalized from the 1912 Book T tables; RWS card order retained.,true
TOWER,GOLDEN_DAWN_BOOK_T_1912,HEBREW_LETTER,PEH,Liber LXXVIII — Trumps — TOWER,,,10,APPROVED,PRIMARY_TABLE_NORMALIZATION_V1,Normalized from the 1912 Book T tables; RWS card order retained.,true
TOWER,GOLDEN_DAWN_BOOK_T_1912,TREE_PATH,27 NETZACH-HOD,Liber LXXVIII — Trumps — TOWER,,,10,APPROVED,PRIMARY_TABLE_NORMALIZATION_V1,Normalized from the 1912 Book T tables; RWS card order retained.,true
TOWER,GOLDEN_DAWN_BOOK_T_1912,PLANET,MARS,Liber LXXVIII — Trumps — TOWER,,,10,APPROVED,PRIMARY_TABLE_NORMALIZATION_V1,Normalized from the 1912 Book T tables; RWS card order retained.,true
TOWER,GOLDEN_DAWN_BOOK_T_1912,ELEMENT,FIRE,Liber LXXVIII — Trumps — TOWER,,,10,APPROVED,PRIMARY_TABLE_NORMALIZATION_V1,Normalized from the 1912 Book T tables; RWS card order retained.,true
STAR,GOLDEN_DAWN_BOOK_T_1912,GD_TITLE,The Daughter of the Firmament; the Dweller between the Waters,Liber LXXVIII — Trumps — STAR,,,10,APPROVED,PRIMARY_TABLE_NORMALIZATION_V1,Normalized from the 1912 Book T tables; RWS card order retained.,true
STAR,GOLDEN_DAWN_BOOK_T_1912,HEBREW_LETTER,TZADDI,Liber LXXVIII — Trumps — STAR,,,10,APPROVED,PRIMARY_TABLE_NORMALIZATION_V1,Normalized from the 1912 Book T tables; RWS card order retained.,true
STAR,GOLDEN_DAWN_BOOK_T_1912,TREE_PATH,28 NETZACH-YESOD,Liber LXXVIII — Trumps — STAR,,,10,APPROVED,PRIMARY_TABLE_NORMALIZATION_V1,Normalized from the 1912 Book T tables; RWS card order retained.,true
STAR,GOLDEN_DAWN_BOOK_T_1912,ZODIAC,AQUARIUS,Liber LXXVIII — Trumps — STAR,,,10,APPROVED,PRIMARY_TABLE_NORMALIZATION_V1,Normalized from the 1912 Book T tables; RWS card order retained.,true
STAR,GOLDEN_DAWN_BOOK_T_1912,ELEMENT,AIR,Liber LXXVIII — Trumps — STAR,,,10,APPROVED,PRIMARY_TABLE_NORMALIZATION_V1,Normalized from the 1912 Book T tables; RWS card order retained.,true
MOON,GOLDEN_DAWN_BOOK_T_1912,GD_TITLE,The Ruler of Flux and Reflux; the Child of the Sons of the Mighty,Liber LXXVIII — Trumps — MOON,,,10,APPROVED,PRIMARY_TABLE_NORMALIZATION_V1,Normalized from the 1912 Book T tables; RWS card order retained.,true
MOON,GOLDEN_DAWN_BOOK_T_1912,HEBREW_LETTER,QOPH,Liber LXXVIII — Trumps — MOON,,,10,APPROVED,PRIMARY_TABLE_NORMALIZATION_V1,Normalized from the 1912 Book T tables; RWS card order retained.,true
MOON,GOLDEN_DAWN_BOOK_T_1912,TREE_PATH,29 NETZACH-MALKUTH,Liber LXXVIII — Trumps — MOON,,,10,APPROVED,PRIMARY_TABLE_NORMALIZATION_V1,Normalized from the 1912 Book T tables; RWS card order retained.,true
MOON,GOLDEN_DAWN_BOOK_T_1912,ZODIAC,PISCES,Liber LXXVIII — Trumps — MOON,,,10,APPROVED,PRIMARY_TABLE_NORMALIZATION_V1,Normalized from the 1912 Book T tables; RWS card order retained.,true
MOON,GOLDEN_DAWN_BOOK_T_1912,ELEMENT,WATER,Liber LXXVIII — Trumps — MOON,,,10,APPROVED,PRIMARY_TABLE_NORMALIZATION_V1,Normalized from the 1912 Book T tables; RWS card order retained.,true
SUN,GOLDEN_DAWN_BOOK_T_1912,GD_TITLE,The Lord of the Fire of the World,Liber LXXVIII — Trumps — SUN,,,10,APPROVED,PRIMARY_TABLE_NORMALIZATION_V1,Normalized from the 1912 Book T tables; RWS card order retained.,true
SUN,GOLDEN_DAWN_BOOK_T_1912,HEBREW_LETTER,RESH,Liber LXXVIII — Trumps — SUN,,,10,APPROVED,PRIMARY_TABLE_NORMALIZATION_V1,Normalized from the 1912 Book T tables; RWS card order retained.,true
SUN,GOLDEN_DAWN_BOOK_T_1912,TREE_PATH,30 HOD-YESOD,Liber LXXVIII — Trumps — SUN,,,10,APPROVED,PRIMARY_TABLE_NORMALIZATION_V1,Normalized from the 1912 Book T tables; RWS card order retained.,true
SUN,GOLDEN_DAWN_BOOK_T_1912,PLANET,SUN,Liber LXXVIII — Trumps — SUN,,,10,APPROVED,PRIMARY_TABLE_NORMALIZATION_V1,Normalized from the 1912 Book T tables; RWS card order retained.,true
SUN,GOLDEN_DAWN_BOOK_T_1912,ELEMENT,FIRE,Liber LXXVIII — Trumps — SUN,,,10,APPROVED,PRIMARY_TABLE_NORMALIZATION_V1,Normalized from the 1912 Book T tables; RWS card order retained.,true
JUDGEMENT,GOLDEN_DAWN_BOOK_T_1912,GD_TITLE,The Spirit of the Primal Fire,Liber LXXVIII — Trumps — JUDGEMENT,,,10,APPROVED,PRIMARY_TABLE_NORMALIZATION_V1,Normalized from the 1912 Book T tables; RWS card order retained.,true
JUDGEMENT,GOLDEN_DAWN_BOOK_T_1912,HEBREW_LETTER,SHIN,Liber LXXVIII — Trumps — JUDGEMENT,,,10,APPROVED,PRIMARY_TABLE_NORMALIZATION_V1,Normalized from the 1912 Book T tables; RWS card order retained.,true
JUDGEMENT,GOLDEN_DAWN_BOOK_T_1912,TREE_PATH,31 HOD-MALKUTH,Liber LXXVIII — Trumps — JUDGEMENT,,,10,APPROVED,PRIMARY_TABLE_NORMALIZATION_V1,Normalized from the 1912 Book T tables; RWS card order retained.,true
JUDGEMENT,GOLDEN_DAWN_BOOK_T_1912,ELEMENT,FIRE,Liber LXXVIII — Trumps — JUDGEMENT,,,10,APPROVED,PRIMARY_TABLE_NORMALIZATION_V1,Normalized from the 1912 Book T tables; RWS card order retained.,true
JUDGEMENT,GOLDEN_DAWN_BOOK_T_1912,ADDITIONAL_ATTRIBUTION,SPIRIT,Liber LXXVIII — Trumps — JUDGEMENT,,,10,APPROVED,PRIMARY_TABLE_NORMALIZATION_V1,Normalized from the 1912 Book T tables; RWS card order retained.,true
WORLD,GOLDEN_DAWN_BOOK_T_1912,GD_TITLE,The Great One of the Night of Time,Liber LXXVIII — Trumps — WORLD,,,10,APPROVED,PRIMARY_TABLE_NORMALIZATION_V1,Normalized from the 1912 Book T tables; RWS card order retained.,true
WORLD,GOLDEN_DAWN_BOOK_T_1912,HEBREW_LETTER,TAV,Liber LXXVIII — Trumps — WORLD,,,10,APPROVED,PRIMARY_TABLE_NORMALIZATION_V1,Normalized from the 1912 Book T tables; RWS card order retained.,true
WORLD,GOLDEN_DAWN_BOOK_T_1912,TREE_PATH,32 YESOD-MALKUTH,Liber LXXVIII — Trumps — WORLD,,,10,APPROVED,PRIMARY_TABLE_NORMALIZATION_V1,Normalized from the 1912 Book T tables; RWS card order retained.,true
WORLD,GOLDEN_DAWN_BOOK_T_1912,PLANET,SATURN,Liber LXXVIII — Trumps — WORLD,,,10,APPROVED,PRIMARY_TABLE_NORMALIZATION_V1,Normalized from the 1912 Book T tables; RWS card order retained.,true
WORLD,GOLDEN_DAWN_BOOK_T_1912,ELEMENT,EARTH,Liber LXXVIII — Trumps — WORLD,,,10,APPROVED,PRIMARY_TABLE_NORMALIZATION_V1,Normalized from the 1912 Book T tables; RWS card order retained.,true
WORLD,GOLDEN_DAWN_BOOK_T_1912,ADDITIONAL_ATTRIBUTION,EARTH,Liber LXXVIII — Trumps — WORLD,,,10,APPROVED,PRIMARY_TABLE_NORMALIZATION_V1,Normalized from the 1912 Book T tables; RWS card order retained.,true
ACE_OF_WANDS,GOLDEN_DAWN_BOOK_T_1912,ELEMENT,FIRE,Liber LXXVIII — Minor Arcana — ACE_OF_WANDS,,,10,APPROVED,PRIMARY_TABLE_NORMALIZATION_V1,Normalized from the 1912 Book T tables; RWS card order retained.,true
ACE_OF_WANDS,GOLDEN_DAWN_BOOK_T_1912,GD_TITLE,The Root of the Powers of Fire,Liber LXXVIII — Minor Arcana — ACE_OF_WANDS,,,10,APPROVED,PRIMARY_TABLE_NORMALIZATION_V1,Normalized from the 1912 Book T tables; RWS card order retained.,true
ACE_OF_WANDS,GOLDEN_DAWN_BOOK_T_1912,SEPHIRAH,KETHER,Liber LXXVIII — Minor Arcana — ACE_OF_WANDS,,,10,APPROVED,PRIMARY_TABLE_NORMALIZATION_V1,Normalized from the 1912 Book T tables; RWS card order retained.,true
TWO_OF_WANDS,GOLDEN_DAWN_BOOK_T_1912,ELEMENT,FIRE,Liber LXXVIII — Minor Arcana — TWO_OF_WANDS,,,10,APPROVED,PRIMARY_TABLE_NORMALIZATION_V1,Normalized from the 1912 Book T tables; RWS card order retained.,true
TWO_OF_WANDS,GOLDEN_DAWN_BOOK_T_1912,GD_TITLE,The Lord of Dominion,Liber LXXVIII — Minor Arcana — TWO_OF_WANDS,,,10,APPROVED,PRIMARY_TABLE_NORMALIZATION_V1,Normalized from the 1912 Book T tables; RWS card order retained.,true
TWO_OF_WANDS,GOLDEN_DAWN_BOOK_T_1912,PLANET,MARS,Liber LXXVIII — Minor Arcana — TWO_OF_WANDS,,,10,APPROVED,PRIMARY_TABLE_NORMALIZATION_V1,Normalized from the 1912 Book T tables; RWS card order retained.,true
TWO_OF_WANDS,GOLDEN_DAWN_BOOK_T_1912,ZODIAC,ARIES,Liber LXXVIII — Minor Arcana — TWO_OF_WANDS,,,10,APPROVED,PRIMARY_TABLE_NORMALIZATION_V1,Normalized from the 1912 Book T tables; RWS card order retained.,true
TWO_OF_WANDS,GOLDEN_DAWN_BOOK_T_1912,DECAN,0-10,Liber LXXVIII — Minor Arcana — TWO_OF_WANDS,,,10,APPROVED,PRIMARY_TABLE_NORMALIZATION_V1,Normalized from the 1912 Book T tables; RWS card order retained.,true
TWO_OF_WANDS,GOLDEN_DAWN_BOOK_T_1912,SEPHIRAH,CHOKMAH,Liber LXXVIII — Minor Arcana — TWO_OF_WANDS,,,10,APPROVED,PRIMARY_TABLE_NORMALIZATION_V1,Normalized from the 1912 Book T tables; RWS card order retained.,true
THREE_OF_WANDS,GOLDEN_DAWN_BOOK_T_1912,ELEMENT,FIRE,Liber LXXVIII — Minor Arcana — THREE_OF_WANDS,,,10,APPROVED,PRIMARY_TABLE_NORMALIZATION_V1,Normalized from the 1912 Book T tables; RWS card order retained.,true
THREE_OF_WANDS,GOLDEN_DAWN_BOOK_T_1912,GD_TITLE,The Lord of Established Strength,Liber LXXVIII — Minor Arcana — THREE_OF_WANDS,,,10,APPROVED,PRIMARY_TABLE_NORMALIZATION_V1,Normalized from the 1912 Book T tables; RWS card order retained.,true
THREE_OF_WANDS,GOLDEN_DAWN_BOOK_T_1912,PLANET,SUN,Liber LXXVIII — Minor Arcana — THREE_OF_WANDS,,,10,APPROVED,PRIMARY_TABLE_NORMALIZATION_V1,Normalized from the 1912 Book T tables; RWS card order retained.,true
THREE_OF_WANDS,GOLDEN_DAWN_BOOK_T_1912,ZODIAC,ARIES,Liber LXXVIII — Minor Arcana — THREE_OF_WANDS,,,10,APPROVED,PRIMARY_TABLE_NORMALIZATION_V1,Normalized from the 1912 Book T tables; RWS card order retained.,true
THREE_OF_WANDS,GOLDEN_DAWN_BOOK_T_1912,DECAN,10-20,Liber LXXVIII — Minor Arcana — THREE_OF_WANDS,,,10,APPROVED,PRIMARY_TABLE_NORMALIZATION_V1,Normalized from the 1912 Book T tables; RWS card order retained.,true
THREE_OF_WANDS,GOLDEN_DAWN_BOOK_T_1912,SEPHIRAH,BINAH,Liber LXXVIII — Minor Arcana — THREE_OF_WANDS,,,10,APPROVED,PRIMARY_TABLE_NORMALIZATION_V1,Normalized from the 1912 Book T tables; RWS card order retained.,true
FOUR_OF_WANDS,GOLDEN_DAWN_BOOK_T_1912,ELEMENT,FIRE,Liber LXXVIII — Minor Arcana — FOUR_OF_WANDS,,,10,APPROVED,PRIMARY_TABLE_NORMALIZATION_V1,Normalized from the 1912 Book T tables; RWS card order retained.,true
FOUR_OF_WANDS,GOLDEN_DAWN_BOOK_T_1912,GD_TITLE,The Lord of Perfected Work,Liber LXXVIII — Minor Arcana — FOUR_OF_WANDS,,,10,APPROVED,PRIMARY_TABLE_NORMALIZATION_V1,Normalized from the 1912 Book T tables; RWS card order retained.,true
FOUR_OF_WANDS,GOLDEN_DAWN_BOOK_T_1912,PLANET,VENUS,Liber LXXVIII — Minor Arcana — FOUR_OF_WANDS,,,10,APPROVED,PRIMARY_TABLE_NORMALIZATION_V1,Normalized from the 1912 Book T tables; RWS card order retained.,true
FOUR_OF_WANDS,GOLDEN_DAWN_BOOK_T_1912,ZODIAC,ARIES,Liber LXXVIII — Minor Arcana — FOUR_OF_WANDS,,,10,APPROVED,PRIMARY_TABLE_NORMALIZATION_V1,Normalized from the 1912 Book T tables; RWS card order retained.,true
FOUR_OF_WANDS,GOLDEN_DAWN_BOOK_T_1912,DECAN,20-30,Liber LXXVIII — Minor Arcana — FOUR_OF_WANDS,,,10,APPROVED,PRIMARY_TABLE_NORMALIZATION_V1,Normalized from the 1912 Book T tables; RWS card order retained.,true
FOUR_OF_WANDS,GOLDEN_DAWN_BOOK_T_1912,SEPHIRAH,CHESED,Liber LXXVIII — Minor Arcana — FOUR_OF_WANDS,,,10,APPROVED,PRIMARY_TABLE_NORMALIZATION_V1,Normalized from the 1912 Book T tables; RWS card order retained.,true
FIVE_OF_WANDS,GOLDEN_DAWN_BOOK_T_1912,ELEMENT,FIRE,Liber LXXVIII — Minor Arcana — FIVE_OF_WANDS,,,10,APPROVED,PRIMARY_TABLE_NORMALIZATION_V1,Normalized from the 1912 Book T tables; RWS card order retained.,true
FIVE_OF_WANDS,GOLDEN_DAWN_BOOK_T_1912,GD_TITLE,The Lord of Strife,Liber LXXVIII — Minor Arcana — FIVE_OF_WANDS,,,10,APPROVED,PRIMARY_TABLE_NORMALIZATION_V1,Normalized from the 1912 Book T tables; RWS card order retained.,true
FIVE_OF_WANDS,GOLDEN_DAWN_BOOK_T_1912,PLANET,SATURN,Liber LXXVIII — Minor Arcana — FIVE_OF_WANDS,,,10,APPROVED,PRIMARY_TABLE_NORMALIZATION_V1,Normalized from the 1912 Book T tables; RWS card order retained.,true
FIVE_OF_WANDS,GOLDEN_DAWN_BOOK_T_1912,ZODIAC,LEO,Liber LXXVIII — Minor Arcana — FIVE_OF_WANDS,,,10,APPROVED,PRIMARY_TABLE_NORMALIZATION_V1,Normalized from the 1912 Book T tables; RWS card order retained.,true
FIVE_OF_WANDS,GOLDEN_DAWN_BOOK_T_1912,DECAN,0-10,Liber LXXVIII — Minor Arcana — FIVE_OF_WANDS,,,10,APPROVED,PRIMARY_TABLE_NORMALIZATION_V1,Normalized from the 1912 Book T tables; RWS card order retained.,true
FIVE_OF_WANDS,GOLDEN_DAWN_BOOK_T_1912,SEPHIRAH,GEBURAH,Liber LXXVIII — Minor Arcana — FIVE_OF_WANDS,,,10,APPROVED,PRIMARY_TABLE_NORMALIZATION_V1,Normalized from the 1912 Book T tables; RWS card order retained.,true
SIX_OF_WANDS,GOLDEN_DAWN_BOOK_T_1912,ELEMENT,FIRE,Liber LXXVIII — Minor Arcana — SIX_OF_WANDS,,,10,APPROVED,PRIMARY_TABLE_NORMALIZATION_V1,Normalized from the 1912 Book T tables; RWS card order retained.,true
SIX_OF_WANDS,GOLDEN_DAWN_BOOK_T_1912,GD_TITLE,The Lord of Victory,Liber LXXVIII — Minor Arcana — SIX_OF_WANDS,,,10,APPROVED,PRIMARY_TABLE_NORMALIZATION_V1,Normalized from the 1912 Book T tables; RWS card order retained.,true
SIX_OF_WANDS,GOLDEN_DAWN_BOOK_T_1912,PLANET,JUPITER,Liber LXXVIII — Minor Arcana — SIX_OF_WANDS,,,10,APPROVED,PRIMARY_TABLE_NORMALIZATION_V1,Normalized from the 1912 Book T tables; RWS card order retained.,true
SIX_OF_WANDS,GOLDEN_DAWN_BOOK_T_1912,ZODIAC,LEO,Liber LXXVIII — Minor Arcana — SIX_OF_WANDS,,,10,APPROVED,PRIMARY_TABLE_NORMALIZATION_V1,Normalized from the 1912 Book T tables; RWS card order retained.,true
SIX_OF_WANDS,GOLDEN_DAWN_BOOK_T_1912,DECAN,10-20,Liber LXXVIII — Minor Arcana — SIX_OF_WANDS,,,10,APPROVED,PRIMARY_TABLE_NORMALIZATION_V1,Normalized from the 1912 Book T tables; RWS card order retained.,true
SIX_OF_WANDS,GOLDEN_DAWN_BOOK_T_1912,SEPHIRAH,TIPHARETH,Liber LXXVIII — Minor Arcana — SIX_OF_WANDS,,,10,APPROVED,PRIMARY_TABLE_NORMALIZATION_V1,Normalized from the 1912 Book T tables; RWS card order retained.,true
SEVEN_OF_WANDS,GOLDEN_DAWN_BOOK_T_1912,ELEMENT,FIRE,Liber LXXVIII — Minor Arcana — SEVEN_OF_WANDS,,,10,APPROVED,PRIMARY_TABLE_NORMALIZATION_V1,Normalized from the 1912 Book T tables; RWS card order retained.,true
SEVEN_OF_WANDS,GOLDEN_DAWN_BOOK_T_1912,GD_TITLE,The Lord of Valour,Liber LXXVIII — Minor Arcana — SEVEN_OF_WANDS,,,10,APPROVED,PRIMARY_TABLE_NORMALIZATION_V1,Normalized from the 1912 Book T tables; RWS card order retained.,true
SEVEN_OF_WANDS,GOLDEN_DAWN_BOOK_T_1912,PLANET,MARS,Liber LXXVIII — Minor Arcana — SEVEN_OF_WANDS,,,10,APPROVED,PRIMARY_TABLE_NORMALIZATION_V1,Normalized from the 1912 Book T tables; RWS card order retained.,true
SEVEN_OF_WANDS,GOLDEN_DAWN_BOOK_T_1912,ZODIAC,LEO,Liber LXXVIII — Minor Arcana — SEVEN_OF_WANDS,,,10,APPROVED,PRIMARY_TABLE_NORMALIZATION_V1,Normalized from the 1912 Book T tables; RWS card order retained.,true
SEVEN_OF_WANDS,GOLDEN_DAWN_BOOK_T_1912,DECAN,20-30,Liber LXXVIII — Minor Arcana — SEVEN_OF_WANDS,,,10,APPROVED,PRIMARY_TABLE_NORMALIZATION_V1,Normalized from the 1912 Book T tables; RWS card order retained.,true
SEVEN_OF_WANDS,GOLDEN_DAWN_BOOK_T_1912,SEPHIRAH,NETZACH,Liber LXXVIII — Minor Arcana — SEVEN_OF_WANDS,,,10,APPROVED,PRIMARY_TABLE_NORMALIZATION_V1,Normalized from the 1912 Book T tables; RWS card order retained.,true
EIGHT_OF_WANDS,GOLDEN_DAWN_BOOK_T_1912,ELEMENT,FIRE,Liber LXXVIII — Minor Arcana — EIGHT_OF_WANDS,,,10,APPROVED,PRIMARY_TABLE_NORMALIZATION_V1,Normalized from the 1912 Book T tables; RWS card order retained.,true
EIGHT_OF_WANDS,GOLDEN_DAWN_BOOK_T_1912,GD_TITLE,The Lord of Swiftness,Liber LXXVIII — Minor Arcana — EIGHT_OF_WANDS,,,10,APPROVED,PRIMARY_TABLE_NORMALIZATION_V1,Normalized from the 1912 Book T tables; RWS card order retained.,true
EIGHT_OF_WANDS,GOLDEN_DAWN_BOOK_T_1912,PLANET,MERCURY,Liber LXXVIII — Minor Arcana — EIGHT_OF_WANDS,,,10,APPROVED,PRIMARY_TABLE_NORMALIZATION_V1,Normalized from the 1912 Book T tables; RWS card order retained.,true
EIGHT_OF_WANDS,GOLDEN_DAWN_BOOK_T_1912,ZODIAC,SAGITTARIUS,Liber LXXVIII — Minor Arcana — EIGHT_OF_WANDS,,,10,APPROVED,PRIMARY_TABLE_NORMALIZATION_V1,Normalized from the 1912 Book T tables; RWS card order retained.,true
EIGHT_OF_WANDS,GOLDEN_DAWN_BOOK_T_1912,DECAN,0-10,Liber LXXVIII — Minor Arcana — EIGHT_OF_WANDS,,,10,APPROVED,PRIMARY_TABLE_NORMALIZATION_V1,Normalized from the 1912 Book T tables; RWS card order retained.,true
EIGHT_OF_WANDS,GOLDEN_DAWN_BOOK_T_1912,SEPHIRAH,HOD,Liber LXXVIII — Minor Arcana — EIGHT_OF_WANDS,,,10,APPROVED,PRIMARY_TABLE_NORMALIZATION_V1,Normalized from the 1912 Book T tables; RWS card order retained.,true
NINE_OF_WANDS,GOLDEN_DAWN_BOOK_T_1912,ELEMENT,FIRE,Liber LXXVIII — Minor Arcana — NINE_OF_WANDS,,,10,APPROVED,PRIMARY_TABLE_NORMALIZATION_V1,Normalized from the 1912 Book T tables; RWS card order retained.,true
NINE_OF_WANDS,GOLDEN_DAWN_BOOK_T_1912,GD_TITLE,The Lord of Great Strength,Liber LXXVIII — Minor Arcana — NINE_OF_WANDS,,,10,APPROVED,PRIMARY_TABLE_NORMALIZATION_V1,Normalized from the 1912 Book T tables; RWS card order retained.,true
NINE_OF_WANDS,GOLDEN_DAWN_BOOK_T_1912,PLANET,MOON,Liber LXXVIII — Minor Arcana — NINE_OF_WANDS,,,10,APPROVED,PRIMARY_TABLE_NORMALIZATION_V1,Normalized from the 1912 Book T tables; RWS card order retained.,true
NINE_OF_WANDS,GOLDEN_DAWN_BOOK_T_1912,ZODIAC,SAGITTARIUS,Liber LXXVIII — Minor Arcana — NINE_OF_WANDS,,,10,APPROVED,PRIMARY_TABLE_NORMALIZATION_V1,Normalized from the 1912 Book T tables; RWS card order retained.,true
NINE_OF_WANDS,GOLDEN_DAWN_BOOK_T_1912,DECAN,10-20,Liber LXXVIII — Minor Arcana — NINE_OF_WANDS,,,10,APPROVED,PRIMARY_TABLE_NORMALIZATION_V1,Normalized from the 1912 Book T tables; RWS card order retained.,true
NINE_OF_WANDS,GOLDEN_DAWN_BOOK_T_1912,SEPHIRAH,YESOD,Liber LXXVIII — Minor Arcana — NINE_OF_WANDS,,,10,APPROVED,PRIMARY_TABLE_NORMALIZATION_V1,Normalized from the 1912 Book T tables; RWS card order retained.,true
TEN_OF_WANDS,GOLDEN_DAWN_BOOK_T_1912,ELEMENT,FIRE,Liber LXXVIII — Minor Arcana — TEN_OF_WANDS,,,10,APPROVED,PRIMARY_TABLE_NORMALIZATION_V1,Normalized from the 1912 Book T tables; RWS card order retained.,true
TEN_OF_WANDS,GOLDEN_DAWN_BOOK_T_1912,GD_TITLE,The Lord of Oppression,Liber LXXVIII — Minor Arcana — TEN_OF_WANDS,,,10,APPROVED,PRIMARY_TABLE_NORMALIZATION_V1,Normalized from the 1912 Book T tables; RWS card order retained.,true
TEN_OF_WANDS,GOLDEN_DAWN_BOOK_T_1912,PLANET,SATURN,Liber LXXVIII — Minor Arcana — TEN_OF_WANDS,,,10,APPROVED,PRIMARY_TABLE_NORMALIZATION_V1,Normalized from the 1912 Book T tables; RWS card order retained.,true
TEN_OF_WANDS,GOLDEN_DAWN_BOOK_T_1912,ZODIAC,SAGITTARIUS,Liber LXXVIII — Minor Arcana — TEN_OF_WANDS,,,10,APPROVED,PRIMARY_TABLE_NORMALIZATION_V1,Normalized from the 1912 Book T tables; RWS card order retained.,true
TEN_OF_WANDS,GOLDEN_DAWN_BOOK_T_1912,DECAN,20-30,Liber LXXVIII — Minor Arcana — TEN_OF_WANDS,,,10,APPROVED,PRIMARY_TABLE_NORMALIZATION_V1,Normalized from the 1912 Book T tables; RWS card order retained.,true
TEN_OF_WANDS,GOLDEN_DAWN_BOOK_T_1912,SEPHIRAH,MALKUTH,Liber LXXVIII — Minor Arcana — TEN_OF_WANDS,,,10,APPROVED,PRIMARY_TABLE_NORMALIZATION_V1,Normalized from the 1912 Book T tables; RWS card order retained.,true
PAGE_OF_WANDS,GOLDEN_DAWN_BOOK_T_1912,ELEMENT,FIRE,Liber LXXVIII — Minor Arcana — PAGE_OF_WANDS,,,10,APPROVED,PRIMARY_TABLE_NORMALIZATION_V1,Normalized from the 1912 Book T tables; RWS card order retained.,true
PAGE_OF_WANDS,GOLDEN_DAWN_BOOK_T_1912,GD_TITLE,The Princess of the Shining Flame; the Rose of the Palace of Fire,Liber LXXVIII — Minor Arcana — PAGE_OF_WANDS,,,10,APPROVED,PRIMARY_TABLE_NORMALIZATION_V1,Normalized from the 1912 Book T tables; RWS card order retained.,true
PAGE_OF_WANDS,GOLDEN_DAWN_BOOK_T_1912,COURT_ELEMENT,EARTH_OF_FIRE,Liber LXXVIII — Minor Arcana — PAGE_OF_WANDS,,,10,APPROVED,PRIMARY_TABLE_NORMALIZATION_V1,Normalized from the 1912 Book T tables; RWS card order retained.,true
KNIGHT_OF_WANDS,GOLDEN_DAWN_BOOK_T_1912,ELEMENT,FIRE,Liber LXXVIII — Minor Arcana — KNIGHT_OF_WANDS,,,10,APPROVED,PRIMARY_TABLE_NORMALIZATION_V1,Normalized from the 1912 Book T tables; RWS card order retained.,true
KNIGHT_OF_WANDS,GOLDEN_DAWN_BOOK_T_1912,GD_TITLE,The Lord of the Flame and the Lightning; the King of the Spirits of Fire,Liber LXXVIII — Minor Arcana — KNIGHT_OF_WANDS,,,10,APPROVED,PRIMARY_TABLE_NORMALIZATION_V1,Normalized from the 1912 Book T tables; RWS card order retained.,true
KNIGHT_OF_WANDS,GOLDEN_DAWN_BOOK_T_1912,COURT_ELEMENT,FIRE_OF_FIRE,Liber LXXVIII — Minor Arcana — KNIGHT_OF_WANDS,,,10,APPROVED,PRIMARY_TABLE_NORMALIZATION_V1,Normalized from the 1912 Book T tables; RWS card order retained.,true
QUEEN_OF_WANDS,GOLDEN_DAWN_BOOK_T_1912,ELEMENT,FIRE,Liber LXXVIII — Minor Arcana — QUEEN_OF_WANDS,,,10,APPROVED,PRIMARY_TABLE_NORMALIZATION_V1,Normalized from the 1912 Book T tables; RWS card order retained.,true
QUEEN_OF_WANDS,GOLDEN_DAWN_BOOK_T_1912,GD_TITLE,The Queen of the Thrones of Flame,Liber LXXVIII — Minor Arcana — QUEEN_OF_WANDS,,,10,APPROVED,PRIMARY_TABLE_NORMALIZATION_V1,Normalized from the 1912 Book T tables; RWS card order retained.,true
QUEEN_OF_WANDS,GOLDEN_DAWN_BOOK_T_1912,COURT_ELEMENT,WATER_OF_FIRE,Liber LXXVIII — Minor Arcana — QUEEN_OF_WANDS,,,10,APPROVED,PRIMARY_TABLE_NORMALIZATION_V1,Normalized from the 1912 Book T tables; RWS card order retained.,true
KING_OF_WANDS,GOLDEN_DAWN_BOOK_T_1912,ELEMENT,FIRE,Liber LXXVIII — Minor Arcana — KING_OF_WANDS,,,10,APPROVED,PRIMARY_TABLE_NORMALIZATION_V1,Normalized from the 1912 Book T tables; RWS card order retained.,true
KING_OF_WANDS,GOLDEN_DAWN_BOOK_T_1912,GD_TITLE,The Prince of the Chariot of Fire,Liber LXXVIII — Minor Arcana — KING_OF_WANDS,,,10,APPROVED,PRIMARY_TABLE_NORMALIZATION_V1,Normalized from the 1912 Book T tables; RWS card order retained.,true
KING_OF_WANDS,GOLDEN_DAWN_BOOK_T_1912,COURT_ELEMENT,AIR_OF_FIRE,Liber LXXVIII — Minor Arcana — KING_OF_WANDS,,,10,APPROVED,PRIMARY_TABLE_NORMALIZATION_V1,Normalized from the 1912 Book T tables; RWS card order retained.,true
ACE_OF_CUPS,GOLDEN_DAWN_BOOK_T_1912,ELEMENT,WATER,Liber LXXVIII — Minor Arcana — ACE_OF_CUPS,,,10,APPROVED,PRIMARY_TABLE_NORMALIZATION_V1,Normalized from the 1912 Book T tables; RWS card order retained.,true
ACE_OF_CUPS,GOLDEN_DAWN_BOOK_T_1912,GD_TITLE,The Root of the Powers of Water,Liber LXXVIII — Minor Arcana — ACE_OF_CUPS,,,10,APPROVED,PRIMARY_TABLE_NORMALIZATION_V1,Normalized from the 1912 Book T tables; RWS card order retained.,true
ACE_OF_CUPS,GOLDEN_DAWN_BOOK_T_1912,SEPHIRAH,KETHER,Liber LXXVIII — Minor Arcana — ACE_OF_CUPS,,,10,APPROVED,PRIMARY_TABLE_NORMALIZATION_V1,Normalized from the 1912 Book T tables; RWS card order retained.,true
TWO_OF_CUPS,GOLDEN_DAWN_BOOK_T_1912,ELEMENT,WATER,Liber LXXVIII — Minor Arcana — TWO_OF_CUPS,,,10,APPROVED,PRIMARY_TABLE_NORMALIZATION_V1,Normalized from the 1912 Book T tables; RWS card order retained.,true
TWO_OF_CUPS,GOLDEN_DAWN_BOOK_T_1912,GD_TITLE,The Lord of Love,Liber LXXVIII — Minor Arcana — TWO_OF_CUPS,,,10,APPROVED,PRIMARY_TABLE_NORMALIZATION_V1,Normalized from the 1912 Book T tables; RWS card order retained.,true
TWO_OF_CUPS,GOLDEN_DAWN_BOOK_T_1912,PLANET,VENUS,Liber LXXVIII — Minor Arcana — TWO_OF_CUPS,,,10,APPROVED,PRIMARY_TABLE_NORMALIZATION_V1,Normalized from the 1912 Book T tables; RWS card order retained.,true
TWO_OF_CUPS,GOLDEN_DAWN_BOOK_T_1912,ZODIAC,CANCER,Liber LXXVIII — Minor Arcana — TWO_OF_CUPS,,,10,APPROVED,PRIMARY_TABLE_NORMALIZATION_V1,Normalized from the 1912 Book T tables; RWS card order retained.,true
TWO_OF_CUPS,GOLDEN_DAWN_BOOK_T_1912,DECAN,0-10,Liber LXXVIII — Minor Arcana — TWO_OF_CUPS,,,10,APPROVED,PRIMARY_TABLE_NORMALIZATION_V1,Normalized from the 1912 Book T tables; RWS card order retained.,true
TWO_OF_CUPS,GOLDEN_DAWN_BOOK_T_1912,SEPHIRAH,CHOKMAH,Liber LXXVIII — Minor Arcana — TWO_OF_CUPS,,,10,APPROVED,PRIMARY_TABLE_NORMALIZATION_V1,Normalized from the 1912 Book T tables; RWS card order retained.,true
THREE_OF_CUPS,GOLDEN_DAWN_BOOK_T_1912,ELEMENT,WATER,Liber LXXVIII — Minor Arcana — THREE_OF_CUPS,,,10,APPROVED,PRIMARY_TABLE_NORMALIZATION_V1,Normalized from the 1912 Book T tables; RWS card order retained.,true
THREE_OF_CUPS,GOLDEN_DAWN_BOOK_T_1912,GD_TITLE,The Lord of Abundance,Liber LXXVIII — Minor Arcana — THREE_OF_CUPS,,,10,APPROVED,PRIMARY_TABLE_NORMALIZATION_V1,Normalized from the 1912 Book T tables; RWS card order retained.,true
THREE_OF_CUPS,GOLDEN_DAWN_BOOK_T_1912,PLANET,MERCURY,Liber LXXVIII — Minor Arcana — THREE_OF_CUPS,,,10,APPROVED,PRIMARY_TABLE_NORMALIZATION_V1,Normalized from the 1912 Book T tables; RWS card order retained.,true
THREE_OF_CUPS,GOLDEN_DAWN_BOOK_T_1912,ZODIAC,CANCER,Liber LXXVIII — Minor Arcana — THREE_OF_CUPS,,,10,APPROVED,PRIMARY_TABLE_NORMALIZATION_V1,Normalized from the 1912 Book T tables; RWS card order retained.,true
THREE_OF_CUPS,GOLDEN_DAWN_BOOK_T_1912,DECAN,10-20,Liber LXXVIII — Minor Arcana — THREE_OF_CUPS,,,10,APPROVED,PRIMARY_TABLE_NORMALIZATION_V1,Normalized from the 1912 Book T tables; RWS card order retained.,true
THREE_OF_CUPS,GOLDEN_DAWN_BOOK_T_1912,SEPHIRAH,BINAH,Liber LXXVIII — Minor Arcana — THREE_OF_CUPS,,,10,APPROVED,PRIMARY_TABLE_NORMALIZATION_V1,Normalized from the 1912 Book T tables; RWS card order retained.,true
FOUR_OF_CUPS,GOLDEN_DAWN_BOOK_T_1912,ELEMENT,WATER,Liber LXXVIII — Minor Arcana — FOUR_OF_CUPS,,,10,APPROVED,PRIMARY_TABLE_NORMALIZATION_V1,Normalized from the 1912 Book T tables; RWS card order retained.,true
FOUR_OF_CUPS,GOLDEN_DAWN_BOOK_T_1912,GD_TITLE,The Lord of Blended Pleasure,Liber LXXVIII — Minor Arcana — FOUR_OF_CUPS,,,10,APPROVED,PRIMARY_TABLE_NORMALIZATION_V1,Normalized from the 1912 Book T tables; RWS card order retained.,true
FOUR_OF_CUPS,GOLDEN_DAWN_BOOK_T_1912,PLANET,MOON,Liber LXXVIII — Minor Arcana — FOUR_OF_CUPS,,,10,APPROVED,PRIMARY_TABLE_NORMALIZATION_V1,Normalized from the 1912 Book T tables; RWS card order retained.,true
FOUR_OF_CUPS,GOLDEN_DAWN_BOOK_T_1912,ZODIAC,CANCER,Liber LXXVIII — Minor Arcana — FOUR_OF_CUPS,,,10,APPROVED,PRIMARY_TABLE_NORMALIZATION_V1,Normalized from the 1912 Book T tables; RWS card order retained.,true
FOUR_OF_CUPS,GOLDEN_DAWN_BOOK_T_1912,DECAN,20-30,Liber LXXVIII — Minor Arcana — FOUR_OF_CUPS,,,10,APPROVED,PRIMARY_TABLE_NORMALIZATION_V1,Normalized from the 1912 Book T tables; RWS card order retained.,true
FOUR_OF_CUPS,GOLDEN_DAWN_BOOK_T_1912,SEPHIRAH,CHESED,Liber LXXVIII — Minor Arcana — FOUR_OF_CUPS,,,10,APPROVED,PRIMARY_TABLE_NORMALIZATION_V1,Normalized from the 1912 Book T tables; RWS card order retained.,true
FIVE_OF_CUPS,GOLDEN_DAWN_BOOK_T_1912,ELEMENT,WATER,Liber LXXVIII — Minor Arcana — FIVE_OF_CUPS,,,10,APPROVED,PRIMARY_TABLE_NORMALIZATION_V1,Normalized from the 1912 Book T tables; RWS card order retained.,true
FIVE_OF_CUPS,GOLDEN_DAWN_BOOK_T_1912,GD_TITLE,The Lord of Loss in Pleasure,Liber LXXVIII — Minor Arcana — FIVE_OF_CUPS,,,10,APPROVED,PRIMARY_TABLE_NORMALIZATION_V1,Normalized from the 1912 Book T tables; RWS card order retained.,true
FIVE_OF_CUPS,GOLDEN_DAWN_BOOK_T_1912,PLANET,MARS,Liber LXXVIII — Minor Arcana — FIVE_OF_CUPS,,,10,APPROVED,PRIMARY_TABLE_NORMALIZATION_V1,Normalized from the 1912 Book T tables; RWS card order retained.,true
FIVE_OF_CUPS,GOLDEN_DAWN_BOOK_T_1912,ZODIAC,SCORPIO,Liber LXXVIII — Minor Arcana — FIVE_OF_CUPS,,,10,APPROVED,PRIMARY_TABLE_NORMALIZATION_V1,Normalized from the 1912 Book T tables; RWS card order retained.,true
FIVE_OF_CUPS,GOLDEN_DAWN_BOOK_T_1912,DECAN,0-10,Liber LXXVIII — Minor Arcana — FIVE_OF_CUPS,,,10,APPROVED,PRIMARY_TABLE_NORMALIZATION_V1,Normalized from the 1912 Book T tables; RWS card order retained.,true
FIVE_OF_CUPS,GOLDEN_DAWN_BOOK_T_1912,SEPHIRAH,GEBURAH,Liber LXXVIII — Minor Arcana — FIVE_OF_CUPS,,,10,APPROVED,PRIMARY_TABLE_NORMALIZATION_V1,Normalized from the 1912 Book T tables; RWS card order retained.,true
SIX_OF_CUPS,GOLDEN_DAWN_BOOK_T_1912,ELEMENT,WATER,Liber LXXVIII — Minor Arcana — SIX_OF_CUPS,,,10,APPROVED,PRIMARY_TABLE_NORMALIZATION_V1,Normalized from the 1912 Book T tables; RWS card order retained.,true
SIX_OF_CUPS,GOLDEN_DAWN_BOOK_T_1912,GD_TITLE,The Lord of Pleasure,Liber LXXVIII — Minor Arcana — SIX_OF_CUPS,,,10,APPROVED,PRIMARY_TABLE_NORMALIZATION_V1,Normalized from the 1912 Book T tables; RWS card order retained.,true
SIX_OF_CUPS,GOLDEN_DAWN_BOOK_T_1912,PLANET,SUN,Liber LXXVIII — Minor Arcana — SIX_OF_CUPS,,,10,APPROVED,PRIMARY_TABLE_NORMALIZATION_V1,Normalized from the 1912 Book T tables; RWS card order retained.,true
SIX_OF_CUPS,GOLDEN_DAWN_BOOK_T_1912,ZODIAC,SCORPIO,Liber LXXVIII — Minor Arcana — SIX_OF_CUPS,,,10,APPROVED,PRIMARY_TABLE_NORMALIZATION_V1,Normalized from the 1912 Book T tables; RWS card order retained.,true
SIX_OF_CUPS,GOLDEN_DAWN_BOOK_T_1912,DECAN,10-20,Liber LXXVIII — Minor Arcana — SIX_OF_CUPS,,,10,APPROVED,PRIMARY_TABLE_NORMALIZATION_V1,Normalized from the 1912 Book T tables; RWS card order retained.,true
SIX_OF_CUPS,GOLDEN_DAWN_BOOK_T_1912,SEPHIRAH,TIPHARETH,Liber LXXVIII — Minor Arcana — SIX_OF_CUPS,,,10,APPROVED,PRIMARY_TABLE_NORMALIZATION_V1,Normalized from the 1912 Book T tables; RWS card order retained.,true
SEVEN_OF_CUPS,GOLDEN_DAWN_BOOK_T_1912,ELEMENT,WATER,Liber LXXVIII — Minor Arcana — SEVEN_OF_CUPS,,,10,APPROVED,PRIMARY_TABLE_NORMALIZATION_V1,Normalized from the 1912 Book T tables; RWS card order retained.,true
SEVEN_OF_CUPS,GOLDEN_DAWN_BOOK_T_1912,GD_TITLE,The Lord of Illusionary Success,Liber LXXVIII — Minor Arcana — SEVEN_OF_CUPS,,,10,APPROVED,PRIMARY_TABLE_NORMALIZATION_V1,Normalized from the 1912 Book T tables; RWS card order retained.,true
SEVEN_OF_CUPS,GOLDEN_DAWN_BOOK_T_1912,PLANET,VENUS,Liber LXXVIII — Minor Arcana — SEVEN_OF_CUPS,,,10,APPROVED,PRIMARY_TABLE_NORMALIZATION_V1,Normalized from the 1912 Book T tables; RWS card order retained.,true
SEVEN_OF_CUPS,GOLDEN_DAWN_BOOK_T_1912,ZODIAC,SCORPIO,Liber LXXVIII — Minor Arcana — SEVEN_OF_CUPS,,,10,APPROVED,PRIMARY_TABLE_NORMALIZATION_V1,Normalized from the 1912 Book T tables; RWS card order retained.,true
SEVEN_OF_CUPS,GOLDEN_DAWN_BOOK_T_1912,DECAN,20-30,Liber LXXVIII — Minor Arcana — SEVEN_OF_CUPS,,,10,APPROVED,PRIMARY_TABLE_NORMALIZATION_V1,Normalized from the 1912 Book T tables; RWS card order retained.,true
SEVEN_OF_CUPS,GOLDEN_DAWN_BOOK_T_1912,SEPHIRAH,NETZACH,Liber LXXVIII — Minor Arcana — SEVEN_OF_CUPS,,,10,APPROVED,PRIMARY_TABLE_NORMALIZATION_V1,Normalized from the 1912 Book T tables; RWS card order retained.,true
EIGHT_OF_CUPS,GOLDEN_DAWN_BOOK_T_1912,ELEMENT,WATER,Liber LXXVIII — Minor Arcana — EIGHT_OF_CUPS,,,10,APPROVED,PRIMARY_TABLE_NORMALIZATION_V1,Normalized from the 1912 Book T tables; RWS card order retained.,true
EIGHT_OF_CUPS,GOLDEN_DAWN_BOOK_T_1912,GD_TITLE,The Lord of Abandoned Success,Liber LXXVIII — Minor Arcana — EIGHT_OF_CUPS,,,10,APPROVED,PRIMARY_TABLE_NORMALIZATION_V1,Normalized from the 1912 Book T tables; RWS card order retained.,true
EIGHT_OF_CUPS,GOLDEN_DAWN_BOOK_T_1912,PLANET,SATURN,Liber LXXVIII — Minor Arcana — EIGHT_OF_CUPS,,,10,APPROVED,PRIMARY_TABLE_NORMALIZATION_V1,Normalized from the 1912 Book T tables; RWS card order retained.,true
EIGHT_OF_CUPS,GOLDEN_DAWN_BOOK_T_1912,ZODIAC,PISCES,Liber LXXVIII — Minor Arcana — EIGHT_OF_CUPS,,,10,APPROVED,PRIMARY_TABLE_NORMALIZATION_V1,Normalized from the 1912 Book T tables; RWS card order retained.,true
EIGHT_OF_CUPS,GOLDEN_DAWN_BOOK_T_1912,DECAN,0-10,Liber LXXVIII — Minor Arcana — EIGHT_OF_CUPS,,,10,APPROVED,PRIMARY_TABLE_NORMALIZATION_V1,Normalized from the 1912 Book T tables; RWS card order retained.,true
EIGHT_OF_CUPS,GOLDEN_DAWN_BOOK_T_1912,SEPHIRAH,HOD,Liber LXXVIII — Minor Arcana — EIGHT_OF_CUPS,,,10,APPROVED,PRIMARY_TABLE_NORMALIZATION_V1,Normalized from the 1912 Book T tables; RWS card order retained.,true
NINE_OF_CUPS,GOLDEN_DAWN_BOOK_T_1912,ELEMENT,WATER,Liber LXXVIII — Minor Arcana — NINE_OF_CUPS,,,10,APPROVED,PRIMARY_TABLE_NORMALIZATION_V1,Normalized from the 1912 Book T tables; RWS card order retained.,true
NINE_OF_CUPS,GOLDEN_DAWN_BOOK_T_1912,GD_TITLE,The Lord of Material Happiness,Liber LXXVIII — Minor Arcana — NINE_OF_CUPS,,,10,APPROVED,PRIMARY_TABLE_NORMALIZATION_V1,Normalized from the 1912 Book T tables; RWS card order retained.,true
NINE_OF_CUPS,GOLDEN_DAWN_BOOK_T_1912,PLANET,JUPITER,Liber LXXVIII — Minor Arcana — NINE_OF_CUPS,,,10,APPROVED,PRIMARY_TABLE_NORMALIZATION_V1,Normalized from the 1912 Book T tables; RWS card order retained.,true
NINE_OF_CUPS,GOLDEN_DAWN_BOOK_T_1912,ZODIAC,PISCES,Liber LXXVIII — Minor Arcana — NINE_OF_CUPS,,,10,APPROVED,PRIMARY_TABLE_NORMALIZATION_V1,Normalized from the 1912 Book T tables; RWS card order retained.,true
NINE_OF_CUPS,GOLDEN_DAWN_BOOK_T_1912,DECAN,10-20,Liber LXXVIII — Minor Arcana — NINE_OF_CUPS,,,10,APPROVED,PRIMARY_TABLE_NORMALIZATION_V1,Normalized from the 1912 Book T tables; RWS card order retained.,true
NINE_OF_CUPS,GOLDEN_DAWN_BOOK_T_1912,SEPHIRAH,YESOD,Liber LXXVIII — Minor Arcana — NINE_OF_CUPS,,,10,APPROVED,PRIMARY_TABLE_NORMALIZATION_V1,Normalized from the 1912 Book T tables; RWS card order retained.,true
TEN_OF_CUPS,GOLDEN_DAWN_BOOK_T_1912,ELEMENT,WATER,Liber LXXVIII — Minor Arcana — TEN_OF_CUPS,,,10,APPROVED,PRIMARY_TABLE_NORMALIZATION_V1,Normalized from the 1912 Book T tables; RWS card order retained.,true
TEN_OF_CUPS,GOLDEN_DAWN_BOOK_T_1912,GD_TITLE,The Lord of Perfected Success,Liber LXXVIII — Minor Arcana — TEN_OF_CUPS,,,10,APPROVED,PRIMARY_TABLE_NORMALIZATION_V1,Normalized from the 1912 Book T tables; RWS card order retained.,true
TEN_OF_CUPS,GOLDEN_DAWN_BOOK_T_1912,PLANET,MARS,Liber LXXVIII — Minor Arcana — TEN_OF_CUPS,,,10,APPROVED,PRIMARY_TABLE_NORMALIZATION_V1,Normalized from the 1912 Book T tables; RWS card order retained.,true
TEN_OF_CUPS,GOLDEN_DAWN_BOOK_T_1912,ZODIAC,PISCES,Liber LXXVIII — Minor Arcana — TEN_OF_CUPS,,,10,APPROVED,PRIMARY_TABLE_NORMALIZATION_V1,Normalized from the 1912 Book T tables; RWS card order retained.,true
TEN_OF_CUPS,GOLDEN_DAWN_BOOK_T_1912,DECAN,20-30,Liber LXXVIII — Minor Arcana — TEN_OF_CUPS,,,10,APPROVED,PRIMARY_TABLE_NORMALIZATION_V1,Normalized from the 1912 Book T tables; RWS card order retained.,true
TEN_OF_CUPS,GOLDEN_DAWN_BOOK_T_1912,SEPHIRAH,MALKUTH,Liber LXXVIII — Minor Arcana — TEN_OF_CUPS,,,10,APPROVED,PRIMARY_TABLE_NORMALIZATION_V1,Normalized from the 1912 Book T tables; RWS card order retained.,true
PAGE_OF_CUPS,GOLDEN_DAWN_BOOK_T_1912,ELEMENT,WATER,Liber LXXVIII — Minor Arcana — PAGE_OF_CUPS,,,10,APPROVED,PRIMARY_TABLE_NORMALIZATION_V1,Normalized from the 1912 Book T tables; RWS card order retained.,true
PAGE_OF_CUPS,GOLDEN_DAWN_BOOK_T_1912,GD_TITLE,The Princess of the Waters; the Lotus of the Palace of the Floods,Liber LXXVIII — Minor Arcana — PAGE_OF_CUPS,,,10,APPROVED,PRIMARY_TABLE_NORMALIZATION_V1,Normalized from the 1912 Book T tables; RWS card order retained.,true
PAGE_OF_CUPS,GOLDEN_DAWN_BOOK_T_1912,COURT_ELEMENT,EARTH_OF_WATER,Liber LXXVIII — Minor Arcana — PAGE_OF_CUPS,,,10,APPROVED,PRIMARY_TABLE_NORMALIZATION_V1,Normalized from the 1912 Book T tables; RWS card order retained.,true
KNIGHT_OF_CUPS,GOLDEN_DAWN_BOOK_T_1912,ELEMENT,WATER,Liber LXXVIII — Minor Arcana — KNIGHT_OF_CUPS,,,10,APPROVED,PRIMARY_TABLE_NORMALIZATION_V1,Normalized from the 1912 Book T tables; RWS card order retained.,true
KNIGHT_OF_CUPS,GOLDEN_DAWN_BOOK_T_1912,GD_TITLE,The Lord of the Waves and the Waters; the King of the Hosts of the Sea,Liber LXXVIII — Minor Arcana — KNIGHT_OF_CUPS,,,10,APPROVED,PRIMARY_TABLE_NORMALIZATION_V1,Normalized from the 1912 Book T tables; RWS card order retained.,true
KNIGHT_OF_CUPS,GOLDEN_DAWN_BOOK_T_1912,COURT_ELEMENT,FIRE_OF_WATER,Liber LXXVIII — Minor Arcana — KNIGHT_OF_CUPS,,,10,APPROVED,PRIMARY_TABLE_NORMALIZATION_V1,Normalized from the 1912 Book T tables; RWS card order retained.,true
QUEEN_OF_CUPS,GOLDEN_DAWN_BOOK_T_1912,ELEMENT,WATER,Liber LXXVIII — Minor Arcana — QUEEN_OF_CUPS,,,10,APPROVED,PRIMARY_TABLE_NORMALIZATION_V1,Normalized from the 1912 Book T tables; RWS card order retained.,true
QUEEN_OF_CUPS,GOLDEN_DAWN_BOOK_T_1912,GD_TITLE,The Queen of the Thrones of the Waters,Liber LXXVIII — Minor Arcana — QUEEN_OF_CUPS,,,10,APPROVED,PRIMARY_TABLE_NORMALIZATION_V1,Normalized from the 1912 Book T tables; RWS card order retained.,true
QUEEN_OF_CUPS,GOLDEN_DAWN_BOOK_T_1912,COURT_ELEMENT,WATER_OF_WATER,Liber LXXVIII — Minor Arcana — QUEEN_OF_CUPS,,,10,APPROVED,PRIMARY_TABLE_NORMALIZATION_V1,Normalized from the 1912 Book T tables; RWS card order retained.,true
KING_OF_CUPS,GOLDEN_DAWN_BOOK_T_1912,ELEMENT,WATER,Liber LXXVIII — Minor Arcana — KING_OF_CUPS,,,10,APPROVED,PRIMARY_TABLE_NORMALIZATION_V1,Normalized from the 1912 Book T tables; RWS card order retained.,true
KING_OF_CUPS,GOLDEN_DAWN_BOOK_T_1912,GD_TITLE,The Prince of the Chariot of the Waters,Liber LXXVIII — Minor Arcana — KING_OF_CUPS,,,10,APPROVED,PRIMARY_TABLE_NORMALIZATION_V1,Normalized from the 1912 Book T tables; RWS card order retained.,true
KING_OF_CUPS,GOLDEN_DAWN_BOOK_T_1912,COURT_ELEMENT,AIR_OF_WATER,Liber LXXVIII — Minor Arcana — KING_OF_CUPS,,,10,APPROVED,PRIMARY_TABLE_NORMALIZATION_V1,Normalized from the 1912 Book T tables; RWS card order retained.,true
ACE_OF_SWORDS,GOLDEN_DAWN_BOOK_T_1912,ELEMENT,AIR,Liber LXXVIII — Minor Arcana — ACE_OF_SWORDS,,,10,APPROVED,PRIMARY_TABLE_NORMALIZATION_V1,Normalized from the 1912 Book T tables; RWS card order retained.,true
ACE_OF_SWORDS,GOLDEN_DAWN_BOOK_T_1912,GD_TITLE,The Root of the Powers of Air,Liber LXXVIII — Minor Arcana — ACE_OF_SWORDS,,,10,APPROVED,PRIMARY_TABLE_NORMALIZATION_V1,Normalized from the 1912 Book T tables; RWS card order retained.,true
ACE_OF_SWORDS,GOLDEN_DAWN_BOOK_T_1912,SEPHIRAH,KETHER,Liber LXXVIII — Minor Arcana — ACE_OF_SWORDS,,,10,APPROVED,PRIMARY_TABLE_NORMALIZATION_V1,Normalized from the 1912 Book T tables; RWS card order retained.,true
TWO_OF_SWORDS,GOLDEN_DAWN_BOOK_T_1912,ELEMENT,AIR,Liber LXXVIII — Minor Arcana — TWO_OF_SWORDS,,,10,APPROVED,PRIMARY_TABLE_NORMALIZATION_V1,Normalized from the 1912 Book T tables; RWS card order retained.,true
TWO_OF_SWORDS,GOLDEN_DAWN_BOOK_T_1912,GD_TITLE,The Lord of Peace Restored,Liber LXXVIII — Minor Arcana — TWO_OF_SWORDS,,,10,APPROVED,PRIMARY_TABLE_NORMALIZATION_V1,Normalized from the 1912 Book T tables; RWS card order retained.,true
TWO_OF_SWORDS,GOLDEN_DAWN_BOOK_T_1912,PLANET,MOON,Liber LXXVIII — Minor Arcana — TWO_OF_SWORDS,,,10,APPROVED,PRIMARY_TABLE_NORMALIZATION_V1,Normalized from the 1912 Book T tables; RWS card order retained.,true
TWO_OF_SWORDS,GOLDEN_DAWN_BOOK_T_1912,ZODIAC,LIBRA,Liber LXXVIII — Minor Arcana — TWO_OF_SWORDS,,,10,APPROVED,PRIMARY_TABLE_NORMALIZATION_V1,Normalized from the 1912 Book T tables; RWS card order retained.,true
TWO_OF_SWORDS,GOLDEN_DAWN_BOOK_T_1912,DECAN,0-10,Liber LXXVIII — Minor Arcana — TWO_OF_SWORDS,,,10,APPROVED,PRIMARY_TABLE_NORMALIZATION_V1,Normalized from the 1912 Book T tables; RWS card order retained.,true
TWO_OF_SWORDS,GOLDEN_DAWN_BOOK_T_1912,SEPHIRAH,CHOKMAH,Liber LXXVIII — Minor Arcana — TWO_OF_SWORDS,,,10,APPROVED,PRIMARY_TABLE_NORMALIZATION_V1,Normalized from the 1912 Book T tables; RWS card order retained.,true
THREE_OF_SWORDS,GOLDEN_DAWN_BOOK_T_1912,ELEMENT,AIR,Liber LXXVIII — Minor Arcana — THREE_OF_SWORDS,,,10,APPROVED,PRIMARY_TABLE_NORMALIZATION_V1,Normalized from the 1912 Book T tables; RWS card order retained.,true
THREE_OF_SWORDS,GOLDEN_DAWN_BOOK_T_1912,GD_TITLE,The Lord of Sorrow,Liber LXXVIII — Minor Arcana — THREE_OF_SWORDS,,,10,APPROVED,PRIMARY_TABLE_NORMALIZATION_V1,Normalized from the 1912 Book T tables; RWS card order retained.,true
THREE_OF_SWORDS,GOLDEN_DAWN_BOOK_T_1912,PLANET,SATURN,Liber LXXVIII — Minor Arcana — THREE_OF_SWORDS,,,10,APPROVED,PRIMARY_TABLE_NORMALIZATION_V1,Normalized from the 1912 Book T tables; RWS card order retained.,true
THREE_OF_SWORDS,GOLDEN_DAWN_BOOK_T_1912,ZODIAC,LIBRA,Liber LXXVIII — Minor Arcana — THREE_OF_SWORDS,,,10,APPROVED,PRIMARY_TABLE_NORMALIZATION_V1,Normalized from the 1912 Book T tables; RWS card order retained.,true
THREE_OF_SWORDS,GOLDEN_DAWN_BOOK_T_1912,DECAN,10-20,Liber LXXVIII — Minor Arcana — THREE_OF_SWORDS,,,10,APPROVED,PRIMARY_TABLE_NORMALIZATION_V1,Normalized from the 1912 Book T tables; RWS card order retained.,true
THREE_OF_SWORDS,GOLDEN_DAWN_BOOK_T_1912,SEPHIRAH,BINAH,Liber LXXVIII — Minor Arcana — THREE_OF_SWORDS,,,10,APPROVED,PRIMARY_TABLE_NORMALIZATION_V1,Normalized from the 1912 Book T tables; RWS card order retained.,true
FOUR_OF_SWORDS,GOLDEN_DAWN_BOOK_T_1912,ELEMENT,AIR,Liber LXXVIII — Minor Arcana — FOUR_OF_SWORDS,,,10,APPROVED,PRIMARY_TABLE_NORMALIZATION_V1,Normalized from the 1912 Book T tables; RWS card order retained.,true
FOUR_OF_SWORDS,GOLDEN_DAWN_BOOK_T_1912,GD_TITLE,The Lord of Rest from Strife,Liber LXXVIII — Minor Arcana — FOUR_OF_SWORDS,,,10,APPROVED,PRIMARY_TABLE_NORMALIZATION_V1,Normalized from the 1912 Book T tables; RWS card order retained.,true
FOUR_OF_SWORDS,GOLDEN_DAWN_BOOK_T_1912,PLANET,JUPITER,Liber LXXVIII — Minor Arcana — FOUR_OF_SWORDS,,,10,APPROVED,PRIMARY_TABLE_NORMALIZATION_V1,Normalized from the 1912 Book T tables; RWS card order retained.,true
FOUR_OF_SWORDS,GOLDEN_DAWN_BOOK_T_1912,ZODIAC,LIBRA,Liber LXXVIII — Minor Arcana — FOUR_OF_SWORDS,,,10,APPROVED,PRIMARY_TABLE_NORMALIZATION_V1,Normalized from the 1912 Book T tables; RWS card order retained.,true
FOUR_OF_SWORDS,GOLDEN_DAWN_BOOK_T_1912,DECAN,20-30,Liber LXXVIII — Minor Arcana — FOUR_OF_SWORDS,,,10,APPROVED,PRIMARY_TABLE_NORMALIZATION_V1,Normalized from the 1912 Book T tables; RWS card order retained.,true
FOUR_OF_SWORDS,GOLDEN_DAWN_BOOK_T_1912,SEPHIRAH,CHESED,Liber LXXVIII — Minor Arcana — FOUR_OF_SWORDS,,,10,APPROVED,PRIMARY_TABLE_NORMALIZATION_V1,Normalized from the 1912 Book T tables; RWS card order retained.,true
FIVE_OF_SWORDS,GOLDEN_DAWN_BOOK_T_1912,ELEMENT,AIR,Liber LXXVIII — Minor Arcana — FIVE_OF_SWORDS,,,10,APPROVED,PRIMARY_TABLE_NORMALIZATION_V1,Normalized from the 1912 Book T tables; RWS card order retained.,true
FIVE_OF_SWORDS,GOLDEN_DAWN_BOOK_T_1912,GD_TITLE,The Lord of Defeat,Liber LXXVIII — Minor Arcana — FIVE_OF_SWORDS,,,10,APPROVED,PRIMARY_TABLE_NORMALIZATION_V1,Normalized from the 1912 Book T tables; RWS card order retained.,true
FIVE_OF_SWORDS,GOLDEN_DAWN_BOOK_T_1912,PLANET,VENUS,Liber LXXVIII — Minor Arcana — FIVE_OF_SWORDS,,,10,APPROVED,PRIMARY_TABLE_NORMALIZATION_V1,Normalized from the 1912 Book T tables; RWS card order retained.,true
FIVE_OF_SWORDS,GOLDEN_DAWN_BOOK_T_1912,ZODIAC,AQUARIUS,Liber LXXVIII — Minor Arcana — FIVE_OF_SWORDS,,,10,APPROVED,PRIMARY_TABLE_NORMALIZATION_V1,Normalized from the 1912 Book T tables; RWS card order retained.,true
FIVE_OF_SWORDS,GOLDEN_DAWN_BOOK_T_1912,DECAN,0-10,Liber LXXVIII — Minor Arcana — FIVE_OF_SWORDS,,,10,APPROVED,PRIMARY_TABLE_NORMALIZATION_V1,Normalized from the 1912 Book T tables; RWS card order retained.,true
FIVE_OF_SWORDS,GOLDEN_DAWN_BOOK_T_1912,SEPHIRAH,GEBURAH,Liber LXXVIII — Minor Arcana — FIVE_OF_SWORDS,,,10,APPROVED,PRIMARY_TABLE_NORMALIZATION_V1,Normalized from the 1912 Book T tables; RWS card order retained.,true
SIX_OF_SWORDS,GOLDEN_DAWN_BOOK_T_1912,ELEMENT,AIR,Liber LXXVIII — Minor Arcana — SIX_OF_SWORDS,,,10,APPROVED,PRIMARY_TABLE_NORMALIZATION_V1,Normalized from the 1912 Book T tables; RWS card order retained.,true
SIX_OF_SWORDS,GOLDEN_DAWN_BOOK_T_1912,GD_TITLE,The Lord of Earned Success,Liber LXXVIII — Minor Arcana — SIX_OF_SWORDS,,,10,APPROVED,PRIMARY_TABLE_NORMALIZATION_V1,Normalized from the 1912 Book T tables; RWS card order retained.,true
SIX_OF_SWORDS,GOLDEN_DAWN_BOOK_T_1912,PLANET,MERCURY,Liber LXXVIII — Minor Arcana — SIX_OF_SWORDS,,,10,APPROVED,PRIMARY_TABLE_NORMALIZATION_V1,Normalized from the 1912 Book T tables; RWS card order retained.,true
SIX_OF_SWORDS,GOLDEN_DAWN_BOOK_T_1912,ZODIAC,AQUARIUS,Liber LXXVIII — Minor Arcana — SIX_OF_SWORDS,,,10,APPROVED,PRIMARY_TABLE_NORMALIZATION_V1,Normalized from the 1912 Book T tables; RWS card order retained.,true
SIX_OF_SWORDS,GOLDEN_DAWN_BOOK_T_1912,DECAN,10-20,Liber LXXVIII — Minor Arcana — SIX_OF_SWORDS,,,10,APPROVED,PRIMARY_TABLE_NORMALIZATION_V1,Normalized from the 1912 Book T tables; RWS card order retained.,true
SIX_OF_SWORDS,GOLDEN_DAWN_BOOK_T_1912,SEPHIRAH,TIPHARETH,Liber LXXVIII — Minor Arcana — SIX_OF_SWORDS,,,10,APPROVED,PRIMARY_TABLE_NORMALIZATION_V1,Normalized from the 1912 Book T tables; RWS card order retained.,true
SEVEN_OF_SWORDS,GOLDEN_DAWN_BOOK_T_1912,ELEMENT,AIR,Liber LXXVIII — Minor Arcana — SEVEN_OF_SWORDS,,,10,APPROVED,PRIMARY_TABLE_NORMALIZATION_V1,Normalized from the 1912 Book T tables; RWS card order retained.,true
SEVEN_OF_SWORDS,GOLDEN_DAWN_BOOK_T_1912,GD_TITLE,The Lord of Unstable Effort,Liber LXXVIII — Minor Arcana — SEVEN_OF_SWORDS,,,10,APPROVED,PRIMARY_TABLE_NORMALIZATION_V1,Normalized from the 1912 Book T tables; RWS card order retained.,true
SEVEN_OF_SWORDS,GOLDEN_DAWN_BOOK_T_1912,PLANET,MOON,Liber LXXVIII — Minor Arcana — SEVEN_OF_SWORDS,,,10,APPROVED,PRIMARY_TABLE_NORMALIZATION_V1,Normalized from the 1912 Book T tables; RWS card order retained.,true
SEVEN_OF_SWORDS,GOLDEN_DAWN_BOOK_T_1912,ZODIAC,AQUARIUS,Liber LXXVIII — Minor Arcana — SEVEN_OF_SWORDS,,,10,APPROVED,PRIMARY_TABLE_NORMALIZATION_V1,Normalized from the 1912 Book T tables; RWS card order retained.,true
SEVEN_OF_SWORDS,GOLDEN_DAWN_BOOK_T_1912,DECAN,20-30,Liber LXXVIII — Minor Arcana — SEVEN_OF_SWORDS,,,10,APPROVED,PRIMARY_TABLE_NORMALIZATION_V1,Normalized from the 1912 Book T tables; RWS card order retained.,true
SEVEN_OF_SWORDS,GOLDEN_DAWN_BOOK_T_1912,SEPHIRAH,NETZACH,Liber LXXVIII — Minor Arcana — SEVEN_OF_SWORDS,,,10,APPROVED,PRIMARY_TABLE_NORMALIZATION_V1,Normalized from the 1912 Book T tables; RWS card order retained.,true
EIGHT_OF_SWORDS,GOLDEN_DAWN_BOOK_T_1912,ELEMENT,AIR,Liber LXXVIII — Minor Arcana — EIGHT_OF_SWORDS,,,10,APPROVED,PRIMARY_TABLE_NORMALIZATION_V1,Normalized from the 1912 Book T tables; RWS card order retained.,true
EIGHT_OF_SWORDS,GOLDEN_DAWN_BOOK_T_1912,GD_TITLE,The Lord of Shortened Force,Liber LXXVIII — Minor Arcana — EIGHT_OF_SWORDS,,,10,APPROVED,PRIMARY_TABLE_NORMALIZATION_V1,Normalized from the 1912 Book T tables; RWS card order retained.,true
EIGHT_OF_SWORDS,GOLDEN_DAWN_BOOK_T_1912,PLANET,JUPITER,Liber LXXVIII — Minor Arcana — EIGHT_OF_SWORDS,,,10,APPROVED,PRIMARY_TABLE_NORMALIZATION_V1,Normalized from the 1912 Book T tables; RWS card order retained.,true
EIGHT_OF_SWORDS,GOLDEN_DAWN_BOOK_T_1912,ZODIAC,GEMINI,Liber LXXVIII — Minor Arcana — EIGHT_OF_SWORDS,,,10,APPROVED,PRIMARY_TABLE_NORMALIZATION_V1,Normalized from the 1912 Book T tables; RWS card order retained.,true
EIGHT_OF_SWORDS,GOLDEN_DAWN_BOOK_T_1912,DECAN,0-10,Liber LXXVIII — Minor Arcana — EIGHT_OF_SWORDS,,,10,APPROVED,PRIMARY_TABLE_NORMALIZATION_V1,Normalized from the 1912 Book T tables; RWS card order retained.,true
EIGHT_OF_SWORDS,GOLDEN_DAWN_BOOK_T_1912,SEPHIRAH,HOD,Liber LXXVIII — Minor Arcana — EIGHT_OF_SWORDS,,,10,APPROVED,PRIMARY_TABLE_NORMALIZATION_V1,Normalized from the 1912 Book T tables; RWS card order retained.,true
NINE_OF_SWORDS,GOLDEN_DAWN_BOOK_T_1912,ELEMENT,AIR,Liber LXXVIII — Minor Arcana — NINE_OF_SWORDS,,,10,APPROVED,PRIMARY_TABLE_NORMALIZATION_V1,Normalized from the 1912 Book T tables; RWS card order retained.,true
NINE_OF_SWORDS,GOLDEN_DAWN_BOOK_T_1912,GD_TITLE,The Lord of Despair and Cruelty,Liber LXXVIII — Minor Arcana — NINE_OF_SWORDS,,,10,APPROVED,PRIMARY_TABLE_NORMALIZATION_V1,Normalized from the 1912 Book T tables; RWS card order retained.,true
NINE_OF_SWORDS,GOLDEN_DAWN_BOOK_T_1912,PLANET,MARS,Liber LXXVIII — Minor Arcana — NINE_OF_SWORDS,,,10,APPROVED,PRIMARY_TABLE_NORMALIZATION_V1,Normalized from the 1912 Book T tables; RWS card order retained.,true
NINE_OF_SWORDS,GOLDEN_DAWN_BOOK_T_1912,ZODIAC,GEMINI,Liber LXXVIII — Minor Arcana — NINE_OF_SWORDS,,,10,APPROVED,PRIMARY_TABLE_NORMALIZATION_V1,Normalized from the 1912 Book T tables; RWS card order retained.,true
NINE_OF_SWORDS,GOLDEN_DAWN_BOOK_T_1912,DECAN,10-20,Liber LXXVIII — Minor Arcana — NINE_OF_SWORDS,,,10,APPROVED,PRIMARY_TABLE_NORMALIZATION_V1,Normalized from the 1912 Book T tables; RWS card order retained.,true
NINE_OF_SWORDS,GOLDEN_DAWN_BOOK_T_1912,SEPHIRAH,YESOD,Liber LXXVIII — Minor Arcana — NINE_OF_SWORDS,,,10,APPROVED,PRIMARY_TABLE_NORMALIZATION_V1,Normalized from the 1912 Book T tables; RWS card order retained.,true
TEN_OF_SWORDS,GOLDEN_DAWN_BOOK_T_1912,ELEMENT,AIR,Liber LXXVIII — Minor Arcana — TEN_OF_SWORDS,,,10,APPROVED,PRIMARY_TABLE_NORMALIZATION_V1,Normalized from the 1912 Book T tables; RWS card order retained.,true
TEN_OF_SWORDS,GOLDEN_DAWN_BOOK_T_1912,GD_TITLE,The Lord of Ruin,Liber LXXVIII — Minor Arcana — TEN_OF_SWORDS,,,10,APPROVED,PRIMARY_TABLE_NORMALIZATION_V1,Normalized from the 1912 Book T tables; RWS card order retained.,true
TEN_OF_SWORDS,GOLDEN_DAWN_BOOK_T_1912,PLANET,SUN,Liber LXXVIII — Minor Arcana — TEN_OF_SWORDS,,,10,APPROVED,PRIMARY_TABLE_NORMALIZATION_V1,Normalized from the 1912 Book T tables; RWS card order retained.,true
TEN_OF_SWORDS,GOLDEN_DAWN_BOOK_T_1912,ZODIAC,GEMINI,Liber LXXVIII — Minor Arcana — TEN_OF_SWORDS,,,10,APPROVED,PRIMARY_TABLE_NORMALIZATION_V1,Normalized from the 1912 Book T tables; RWS card order retained.,true
TEN_OF_SWORDS,GOLDEN_DAWN_BOOK_T_1912,DECAN,20-30,Liber LXXVIII — Minor Arcana — TEN_OF_SWORDS,,,10,APPROVED,PRIMARY_TABLE_NORMALIZATION_V1,Normalized from the 1912 Book T tables; RWS card order retained.,true
TEN_OF_SWORDS,GOLDEN_DAWN_BOOK_T_1912,SEPHIRAH,MALKUTH,Liber LXXVIII — Minor Arcana — TEN_OF_SWORDS,,,10,APPROVED,PRIMARY_TABLE_NORMALIZATION_V1,Normalized from the 1912 Book T tables; RWS card order retained.,true
PAGE_OF_SWORDS,GOLDEN_DAWN_BOOK_T_1912,ELEMENT,AIR,Liber LXXVIII — Minor Arcana — PAGE_OF_SWORDS,,,10,APPROVED,PRIMARY_TABLE_NORMALIZATION_V1,Normalized from the 1912 Book T tables; RWS card order retained.,true
PAGE_OF_SWORDS,GOLDEN_DAWN_BOOK_T_1912,GD_TITLE,The Princess of the Rushing Winds; the Lotus of the Palace of Air,Liber LXXVIII — Minor Arcana — PAGE_OF_SWORDS,,,10,APPROVED,PRIMARY_TABLE_NORMALIZATION_V1,Normalized from the 1912 Book T tables; RWS card order retained.,true
PAGE_OF_SWORDS,GOLDEN_DAWN_BOOK_T_1912,COURT_ELEMENT,EARTH_OF_AIR,Liber LXXVIII — Minor Arcana — PAGE_OF_SWORDS,,,10,APPROVED,PRIMARY_TABLE_NORMALIZATION_V1,Normalized from the 1912 Book T tables; RWS card order retained.,true
KNIGHT_OF_SWORDS,GOLDEN_DAWN_BOOK_T_1912,ELEMENT,AIR,Liber LXXVIII — Minor Arcana — KNIGHT_OF_SWORDS,,,10,APPROVED,PRIMARY_TABLE_NORMALIZATION_V1,Normalized from the 1912 Book T tables; RWS card order retained.,true
KNIGHT_OF_SWORDS,GOLDEN_DAWN_BOOK_T_1912,GD_TITLE,The Lord of the Wind and the Breezes; the King of the Spirits of Air,Liber LXXVIII — Minor Arcana — KNIGHT_OF_SWORDS,,,10,APPROVED,PRIMARY_TABLE_NORMALIZATION_V1,Normalized from the 1912 Book T tables; RWS card order retained.,true
KNIGHT_OF_SWORDS,GOLDEN_DAWN_BOOK_T_1912,COURT_ELEMENT,FIRE_OF_AIR,Liber LXXVIII — Minor Arcana — KNIGHT_OF_SWORDS,,,10,APPROVED,PRIMARY_TABLE_NORMALIZATION_V1,Normalized from the 1912 Book T tables; RWS card order retained.,true
QUEEN_OF_SWORDS,GOLDEN_DAWN_BOOK_T_1912,ELEMENT,AIR,Liber LXXVIII — Minor Arcana — QUEEN_OF_SWORDS,,,10,APPROVED,PRIMARY_TABLE_NORMALIZATION_V1,Normalized from the 1912 Book T tables; RWS card order retained.,true
QUEEN_OF_SWORDS,GOLDEN_DAWN_BOOK_T_1912,GD_TITLE,The Queen of the Thrones of Air,Liber LXXVIII — Minor Arcana — QUEEN_OF_SWORDS,,,10,APPROVED,PRIMARY_TABLE_NORMALIZATION_V1,Normalized from the 1912 Book T tables; RWS card order retained.,true
QUEEN_OF_SWORDS,GOLDEN_DAWN_BOOK_T_1912,COURT_ELEMENT,WATER_OF_AIR,Liber LXXVIII — Minor Arcana — QUEEN_OF_SWORDS,,,10,APPROVED,PRIMARY_TABLE_NORMALIZATION_V1,Normalized from the 1912 Book T tables; RWS card order retained.,true
KING_OF_SWORDS,GOLDEN_DAWN_BOOK_T_1912,ELEMENT,AIR,Liber LXXVIII — Minor Arcana — KING_OF_SWORDS,,,10,APPROVED,PRIMARY_TABLE_NORMALIZATION_V1,Normalized from the 1912 Book T tables; RWS card order retained.,true
KING_OF_SWORDS,GOLDEN_DAWN_BOOK_T_1912,GD_TITLE,The Prince of the Chariot of the Winds,Liber LXXVIII — Minor Arcana — KING_OF_SWORDS,,,10,APPROVED,PRIMARY_TABLE_NORMALIZATION_V1,Normalized from the 1912 Book T tables; RWS card order retained.,true
KING_OF_SWORDS,GOLDEN_DAWN_BOOK_T_1912,COURT_ELEMENT,AIR_OF_AIR,Liber LXXVIII — Minor Arcana — KING_OF_SWORDS,,,10,APPROVED,PRIMARY_TABLE_NORMALIZATION_V1,Normalized from the 1912 Book T tables; RWS card order retained.,true
ACE_OF_PENTACLES,GOLDEN_DAWN_BOOK_T_1912,ELEMENT,EARTH,Liber LXXVIII — Minor Arcana — ACE_OF_PENTACLES,,,10,APPROVED,PRIMARY_TABLE_NORMALIZATION_V1,Normalized from the 1912 Book T tables; RWS card order retained.,true
ACE_OF_PENTACLES,GOLDEN_DAWN_BOOK_T_1912,GD_TITLE,The Root of the Powers of Earth,Liber LXXVIII — Minor Arcana — ACE_OF_PENTACLES,,,10,APPROVED,PRIMARY_TABLE_NORMALIZATION_V1,Normalized from the 1912 Book T tables; RWS card order retained.,true
ACE_OF_PENTACLES,GOLDEN_DAWN_BOOK_T_1912,SEPHIRAH,KETHER,Liber LXXVIII — Minor Arcana — ACE_OF_PENTACLES,,,10,APPROVED,PRIMARY_TABLE_NORMALIZATION_V1,Normalized from the 1912 Book T tables; RWS card order retained.,true
TWO_OF_PENTACLES,GOLDEN_DAWN_BOOK_T_1912,ELEMENT,EARTH,Liber LXXVIII — Minor Arcana — TWO_OF_PENTACLES,,,10,APPROVED,PRIMARY_TABLE_NORMALIZATION_V1,Normalized from the 1912 Book T tables; RWS card order retained.,true
TWO_OF_PENTACLES,GOLDEN_DAWN_BOOK_T_1912,GD_TITLE,The Lord of Harmonious Change,Liber LXXVIII — Minor Arcana — TWO_OF_PENTACLES,,,10,APPROVED,PRIMARY_TABLE_NORMALIZATION_V1,Normalized from the 1912 Book T tables; RWS card order retained.,true
TWO_OF_PENTACLES,GOLDEN_DAWN_BOOK_T_1912,PLANET,JUPITER,Liber LXXVIII — Minor Arcana — TWO_OF_PENTACLES,,,10,APPROVED,PRIMARY_TABLE_NORMALIZATION_V1,Normalized from the 1912 Book T tables; RWS card order retained.,true
TWO_OF_PENTACLES,GOLDEN_DAWN_BOOK_T_1912,ZODIAC,CAPRICORN,Liber LXXVIII — Minor Arcana — TWO_OF_PENTACLES,,,10,APPROVED,PRIMARY_TABLE_NORMALIZATION_V1,Normalized from the 1912 Book T tables; RWS card order retained.,true
TWO_OF_PENTACLES,GOLDEN_DAWN_BOOK_T_1912,DECAN,0-10,Liber LXXVIII — Minor Arcana — TWO_OF_PENTACLES,,,10,APPROVED,PRIMARY_TABLE_NORMALIZATION_V1,Normalized from the 1912 Book T tables; RWS card order retained.,true
TWO_OF_PENTACLES,GOLDEN_DAWN_BOOK_T_1912,SEPHIRAH,CHOKMAH,Liber LXXVIII — Minor Arcana — TWO_OF_PENTACLES,,,10,APPROVED,PRIMARY_TABLE_NORMALIZATION_V1,Normalized from the 1912 Book T tables; RWS card order retained.,true
THREE_OF_PENTACLES,GOLDEN_DAWN_BOOK_T_1912,ELEMENT,EARTH,Liber LXXVIII — Minor Arcana — THREE_OF_PENTACLES,,,10,APPROVED,PRIMARY_TABLE_NORMALIZATION_V1,Normalized from the 1912 Book T tables; RWS card order retained.,true
THREE_OF_PENTACLES,GOLDEN_DAWN_BOOK_T_1912,GD_TITLE,The Lord of Material Works,Liber LXXVIII — Minor Arcana — THREE_OF_PENTACLES,,,10,APPROVED,PRIMARY_TABLE_NORMALIZATION_V1,Normalized from the 1912 Book T tables; RWS card order retained.,true
THREE_OF_PENTACLES,GOLDEN_DAWN_BOOK_T_1912,PLANET,MARS,Liber LXXVIII — Minor Arcana — THREE_OF_PENTACLES,,,10,APPROVED,PRIMARY_TABLE_NORMALIZATION_V1,Normalized from the 1912 Book T tables; RWS card order retained.,true
THREE_OF_PENTACLES,GOLDEN_DAWN_BOOK_T_1912,ZODIAC,CAPRICORN,Liber LXXVIII — Minor Arcana — THREE_OF_PENTACLES,,,10,APPROVED,PRIMARY_TABLE_NORMALIZATION_V1,Normalized from the 1912 Book T tables; RWS card order retained.,true
THREE_OF_PENTACLES,GOLDEN_DAWN_BOOK_T_1912,DECAN,10-20,Liber LXXVIII — Minor Arcana — THREE_OF_PENTACLES,,,10,APPROVED,PRIMARY_TABLE_NORMALIZATION_V1,Normalized from the 1912 Book T tables; RWS card order retained.,true
THREE_OF_PENTACLES,GOLDEN_DAWN_BOOK_T_1912,SEPHIRAH,BINAH,Liber LXXVIII — Minor Arcana — THREE_OF_PENTACLES,,,10,APPROVED,PRIMARY_TABLE_NORMALIZATION_V1,Normalized from the 1912 Book T tables; RWS card order retained.,true
FOUR_OF_PENTACLES,GOLDEN_DAWN_BOOK_T_1912,ELEMENT,EARTH,Liber LXXVIII — Minor Arcana — FOUR_OF_PENTACLES,,,10,APPROVED,PRIMARY_TABLE_NORMALIZATION_V1,Normalized from the 1912 Book T tables; RWS card order retained.,true
FOUR_OF_PENTACLES,GOLDEN_DAWN_BOOK_T_1912,GD_TITLE,The Lord of Earthly Power,Liber LXXVIII — Minor Arcana — FOUR_OF_PENTACLES,,,10,APPROVED,PRIMARY_TABLE_NORMALIZATION_V1,Normalized from the 1912 Book T tables; RWS card order retained.,true
FOUR_OF_PENTACLES,GOLDEN_DAWN_BOOK_T_1912,PLANET,SUN,Liber LXXVIII — Minor Arcana — FOUR_OF_PENTACLES,,,10,APPROVED,PRIMARY_TABLE_NORMALIZATION_V1,Normalized from the 1912 Book T tables; RWS card order retained.,true
FOUR_OF_PENTACLES,GOLDEN_DAWN_BOOK_T_1912,ZODIAC,CAPRICORN,Liber LXXVIII — Minor Arcana — FOUR_OF_PENTACLES,,,10,APPROVED,PRIMARY_TABLE_NORMALIZATION_V1,Normalized from the 1912 Book T tables; RWS card order retained.,true
FOUR_OF_PENTACLES,GOLDEN_DAWN_BOOK_T_1912,DECAN,20-30,Liber LXXVIII — Minor Arcana — FOUR_OF_PENTACLES,,,10,APPROVED,PRIMARY_TABLE_NORMALIZATION_V1,Normalized from the 1912 Book T tables; RWS card order retained.,true
FOUR_OF_PENTACLES,GOLDEN_DAWN_BOOK_T_1912,SEPHIRAH,CHESED,Liber LXXVIII — Minor Arcana — FOUR_OF_PENTACLES,,,10,APPROVED,PRIMARY_TABLE_NORMALIZATION_V1,Normalized from the 1912 Book T tables; RWS card order retained.,true
FIVE_OF_PENTACLES,GOLDEN_DAWN_BOOK_T_1912,ELEMENT,EARTH,Liber LXXVIII — Minor Arcana — FIVE_OF_PENTACLES,,,10,APPROVED,PRIMARY_TABLE_NORMALIZATION_V1,Normalized from the 1912 Book T tables; RWS card order retained.,true
FIVE_OF_PENTACLES,GOLDEN_DAWN_BOOK_T_1912,GD_TITLE,The Lord of Material Trouble,Liber LXXVIII — Minor Arcana — FIVE_OF_PENTACLES,,,10,APPROVED,PRIMARY_TABLE_NORMALIZATION_V1,Normalized from the 1912 Book T tables; RWS card order retained.,true
FIVE_OF_PENTACLES,GOLDEN_DAWN_BOOK_T_1912,PLANET,MERCURY,Liber LXXVIII — Minor Arcana — FIVE_OF_PENTACLES,,,10,APPROVED,PRIMARY_TABLE_NORMALIZATION_V1,Normalized from the 1912 Book T tables; RWS card order retained.,true
FIVE_OF_PENTACLES,GOLDEN_DAWN_BOOK_T_1912,ZODIAC,TAURUS,Liber LXXVIII — Minor Arcana — FIVE_OF_PENTACLES,,,10,APPROVED,PRIMARY_TABLE_NORMALIZATION_V1,Normalized from the 1912 Book T tables; RWS card order retained.,true
FIVE_OF_PENTACLES,GOLDEN_DAWN_BOOK_T_1912,DECAN,0-10,Liber LXXVIII — Minor Arcana — FIVE_OF_PENTACLES,,,10,APPROVED,PRIMARY_TABLE_NORMALIZATION_V1,Normalized from the 1912 Book T tables; RWS card order retained.,true
FIVE_OF_PENTACLES,GOLDEN_DAWN_BOOK_T_1912,SEPHIRAH,GEBURAH,Liber LXXVIII — Minor Arcana — FIVE_OF_PENTACLES,,,10,APPROVED,PRIMARY_TABLE_NORMALIZATION_V1,Normalized from the 1912 Book T tables; RWS card order retained.,true
SIX_OF_PENTACLES,GOLDEN_DAWN_BOOK_T_1912,ELEMENT,EARTH,Liber LXXVIII — Minor Arcana — SIX_OF_PENTACLES,,,10,APPROVED,PRIMARY_TABLE_NORMALIZATION_V1,Normalized from the 1912 Book T tables; RWS card order retained.,true
SIX_OF_PENTACLES,GOLDEN_DAWN_BOOK_T_1912,GD_TITLE,The Lord of Material Success,Liber LXXVIII — Minor Arcana — SIX_OF_PENTACLES,,,10,APPROVED,PRIMARY_TABLE_NORMALIZATION_V1,Normalized from the 1912 Book T tables; RWS card order retained.,true
SIX_OF_PENTACLES,GOLDEN_DAWN_BOOK_T_1912,PLANET,MOON,Liber LXXVIII — Minor Arcana — SIX_OF_PENTACLES,,,10,APPROVED,PRIMARY_TABLE_NORMALIZATION_V1,Normalized from the 1912 Book T tables; RWS card order retained.,true
SIX_OF_PENTACLES,GOLDEN_DAWN_BOOK_T_1912,ZODIAC,TAURUS,Liber LXXVIII — Minor Arcana — SIX_OF_PENTACLES,,,10,APPROVED,PRIMARY_TABLE_NORMALIZATION_V1,Normalized from the 1912 Book T tables; RWS card order retained.,true
SIX_OF_PENTACLES,GOLDEN_DAWN_BOOK_T_1912,DECAN,10-20,Liber LXXVIII — Minor Arcana — SIX_OF_PENTACLES,,,10,APPROVED,PRIMARY_TABLE_NORMALIZATION_V1,Normalized from the 1912 Book T tables; RWS card order retained.,true
SIX_OF_PENTACLES,GOLDEN_DAWN_BOOK_T_1912,SEPHIRAH,TIPHARETH,Liber LXXVIII — Minor Arcana — SIX_OF_PENTACLES,,,10,APPROVED,PRIMARY_TABLE_NORMALIZATION_V1,Normalized from the 1912 Book T tables; RWS card order retained.,true
SEVEN_OF_PENTACLES,GOLDEN_DAWN_BOOK_T_1912,ELEMENT,EARTH,Liber LXXVIII — Minor Arcana — SEVEN_OF_PENTACLES,,,10,APPROVED,PRIMARY_TABLE_NORMALIZATION_V1,Normalized from the 1912 Book T tables; RWS card order retained.,true
SEVEN_OF_PENTACLES,GOLDEN_DAWN_BOOK_T_1912,GD_TITLE,The Lord of Success Unfulfilled,Liber LXXVIII — Minor Arcana — SEVEN_OF_PENTACLES,,,10,APPROVED,PRIMARY_TABLE_NORMALIZATION_V1,Normalized from the 1912 Book T tables; RWS card order retained.,true
SEVEN_OF_PENTACLES,GOLDEN_DAWN_BOOK_T_1912,PLANET,SATURN,Liber LXXVIII — Minor Arcana — SEVEN_OF_PENTACLES,,,10,APPROVED,PRIMARY_TABLE_NORMALIZATION_V1,Normalized from the 1912 Book T tables; RWS card order retained.,true
SEVEN_OF_PENTACLES,GOLDEN_DAWN_BOOK_T_1912,ZODIAC,TAURUS,Liber LXXVIII — Minor Arcana — SEVEN_OF_PENTACLES,,,10,APPROVED,PRIMARY_TABLE_NORMALIZATION_V1,Normalized from the 1912 Book T tables; RWS card order retained.,true
SEVEN_OF_PENTACLES,GOLDEN_DAWN_BOOK_T_1912,DECAN,20-30,Liber LXXVIII — Minor Arcana — SEVEN_OF_PENTACLES,,,10,APPROVED,PRIMARY_TABLE_NORMALIZATION_V1,Normalized from the 1912 Book T tables; RWS card order retained.,true
SEVEN_OF_PENTACLES,GOLDEN_DAWN_BOOK_T_1912,SEPHIRAH,NETZACH,Liber LXXVIII — Minor Arcana — SEVEN_OF_PENTACLES,,,10,APPROVED,PRIMARY_TABLE_NORMALIZATION_V1,Normalized from the 1912 Book T tables; RWS card order retained.,true
EIGHT_OF_PENTACLES,GOLDEN_DAWN_BOOK_T_1912,ELEMENT,EARTH,Liber LXXVIII — Minor Arcana — EIGHT_OF_PENTACLES,,,10,APPROVED,PRIMARY_TABLE_NORMALIZATION_V1,Normalized from the 1912 Book T tables; RWS card order retained.,true
EIGHT_OF_PENTACLES,GOLDEN_DAWN_BOOK_T_1912,GD_TITLE,The Lord of Prudence,Liber LXXVIII — Minor Arcana — EIGHT_OF_PENTACLES,,,10,APPROVED,PRIMARY_TABLE_NORMALIZATION_V1,Normalized from the 1912 Book T tables; RWS card order retained.,true
EIGHT_OF_PENTACLES,GOLDEN_DAWN_BOOK_T_1912,PLANET,SUN,Liber LXXVIII — Minor Arcana — EIGHT_OF_PENTACLES,,,10,APPROVED,PRIMARY_TABLE_NORMALIZATION_V1,Normalized from the 1912 Book T tables; RWS card order retained.,true
EIGHT_OF_PENTACLES,GOLDEN_DAWN_BOOK_T_1912,ZODIAC,VIRGO,Liber LXXVIII — Minor Arcana — EIGHT_OF_PENTACLES,,,10,APPROVED,PRIMARY_TABLE_NORMALIZATION_V1,Normalized from the 1912 Book T tables; RWS card order retained.,true
EIGHT_OF_PENTACLES,GOLDEN_DAWN_BOOK_T_1912,DECAN,0-10,Liber LXXVIII — Minor Arcana — EIGHT_OF_PENTACLES,,,10,APPROVED,PRIMARY_TABLE_NORMALIZATION_V1,Normalized from the 1912 Book T tables; RWS card order retained.,true
EIGHT_OF_PENTACLES,GOLDEN_DAWN_BOOK_T_1912,SEPHIRAH,HOD,Liber LXXVIII — Minor Arcana — EIGHT_OF_PENTACLES,,,10,APPROVED,PRIMARY_TABLE_NORMALIZATION_V1,Normalized from the 1912 Book T tables; RWS card order retained.,true
NINE_OF_PENTACLES,GOLDEN_DAWN_BOOK_T_1912,ELEMENT,EARTH,Liber LXXVIII — Minor Arcana — NINE_OF_PENTACLES,,,10,APPROVED,PRIMARY_TABLE_NORMALIZATION_V1,Normalized from the 1912 Book T tables; RWS card order retained.,true
NINE_OF_PENTACLES,GOLDEN_DAWN_BOOK_T_1912,GD_TITLE,The Lord of Material Gain,Liber LXXVIII — Minor Arcana — NINE_OF_PENTACLES,,,10,APPROVED,PRIMARY_TABLE_NORMALIZATION_V1,Normalized from the 1912 Book T tables; RWS card order retained.,true
NINE_OF_PENTACLES,GOLDEN_DAWN_BOOK_T_1912,PLANET,VENUS,Liber LXXVIII — Minor Arcana — NINE_OF_PENTACLES,,,10,APPROVED,PRIMARY_TABLE_NORMALIZATION_V1,Normalized from the 1912 Book T tables; RWS card order retained.,true
NINE_OF_PENTACLES,GOLDEN_DAWN_BOOK_T_1912,ZODIAC,VIRGO,Liber LXXVIII — Minor Arcana — NINE_OF_PENTACLES,,,10,APPROVED,PRIMARY_TABLE_NORMALIZATION_V1,Normalized from the 1912 Book T tables; RWS card order retained.,true
NINE_OF_PENTACLES,GOLDEN_DAWN_BOOK_T_1912,DECAN,10-20,Liber LXXVIII — Minor Arcana — NINE_OF_PENTACLES,,,10,APPROVED,PRIMARY_TABLE_NORMALIZATION_V1,Normalized from the 1912 Book T tables; RWS card order retained.,true
NINE_OF_PENTACLES,GOLDEN_DAWN_BOOK_T_1912,SEPHIRAH,YESOD,Liber LXXVIII — Minor Arcana — NINE_OF_PENTACLES,,,10,APPROVED,PRIMARY_TABLE_NORMALIZATION_V1,Normalized from the 1912 Book T tables; RWS card order retained.,true
TEN_OF_PENTACLES,GOLDEN_DAWN_BOOK_T_1912,ELEMENT,EARTH,Liber LXXVIII — Minor Arcana — TEN_OF_PENTACLES,,,10,APPROVED,PRIMARY_TABLE_NORMALIZATION_V1,Normalized from the 1912 Book T tables; RWS card order retained.,true
TEN_OF_PENTACLES,GOLDEN_DAWN_BOOK_T_1912,GD_TITLE,The Lord of Wealth,Liber LXXVIII — Minor Arcana — TEN_OF_PENTACLES,,,10,APPROVED,PRIMARY_TABLE_NORMALIZATION_V1,Normalized from the 1912 Book T tables; RWS card order retained.,true
TEN_OF_PENTACLES,GOLDEN_DAWN_BOOK_T_1912,PLANET,MERCURY,Liber LXXVIII — Minor Arcana — TEN_OF_PENTACLES,,,10,APPROVED,PRIMARY_TABLE_NORMALIZATION_V1,Normalized from the 1912 Book T tables; RWS card order retained.,true
TEN_OF_PENTACLES,GOLDEN_DAWN_BOOK_T_1912,ZODIAC,VIRGO,Liber LXXVIII — Minor Arcana — TEN_OF_PENTACLES,,,10,APPROVED,PRIMARY_TABLE_NORMALIZATION_V1,Normalized from the 1912 Book T tables; RWS card order retained.,true
TEN_OF_PENTACLES,GOLDEN_DAWN_BOOK_T_1912,DECAN,20-30,Liber LXXVIII — Minor Arcana — TEN_OF_PENTACLES,,,10,APPROVED,PRIMARY_TABLE_NORMALIZATION_V1,Normalized from the 1912 Book T tables; RWS card order retained.,true
TEN_OF_PENTACLES,GOLDEN_DAWN_BOOK_T_1912,SEPHIRAH,MALKUTH,Liber LXXVIII — Minor Arcana — TEN_OF_PENTACLES,,,10,APPROVED,PRIMARY_TABLE_NORMALIZATION_V1,Normalized from the 1912 Book T tables; RWS card order retained.,true
PAGE_OF_PENTACLES,GOLDEN_DAWN_BOOK_T_1912,ELEMENT,EARTH,Liber LXXVIII — Minor Arcana — PAGE_OF_PENTACLES,,,10,APPROVED,PRIMARY_TABLE_NORMALIZATION_V1,Normalized from the 1912 Book T tables; RWS card order retained.,true
PAGE_OF_PENTACLES,GOLDEN_DAWN_BOOK_T_1912,GD_TITLE,The Princess of the Echoing Hills; the Rose of the Palace of Earth,Liber LXXVIII — Minor Arcana — PAGE_OF_PENTACLES,,,10,APPROVED,PRIMARY_TABLE_NORMALIZATION_V1,Normalized from the 1912 Book T tables; RWS card order retained.,true
PAGE_OF_PENTACLES,GOLDEN_DAWN_BOOK_T_1912,COURT_ELEMENT,EARTH_OF_EARTH,Liber LXXVIII — Minor Arcana — PAGE_OF_PENTACLES,,,10,APPROVED,PRIMARY_TABLE_NORMALIZATION_V1,Normalized from the 1912 Book T tables; RWS card order retained.,true
KNIGHT_OF_PENTACLES,GOLDEN_DAWN_BOOK_T_1912,ELEMENT,EARTH,Liber LXXVIII — Minor Arcana — KNIGHT_OF_PENTACLES,,,10,APPROVED,PRIMARY_TABLE_NORMALIZATION_V1,Normalized from the 1912 Book T tables; RWS card order retained.,true
KNIGHT_OF_PENTACLES,GOLDEN_DAWN_BOOK_T_1912,GD_TITLE,The Lord of the Wide and Fertile Land; the King of the Spirits of Earth,Liber LXXVIII — Minor Arcana — KNIGHT_OF_PENTACLES,,,10,APPROVED,PRIMARY_TABLE_NORMALIZATION_V1,Normalized from the 1912 Book T tables; RWS card order retained.,true
KNIGHT_OF_PENTACLES,GOLDEN_DAWN_BOOK_T_1912,COURT_ELEMENT,FIRE_OF_EARTH,Liber LXXVIII — Minor Arcana — KNIGHT_OF_PENTACLES,,,10,APPROVED,PRIMARY_TABLE_NORMALIZATION_V1,Normalized from the 1912 Book T tables; RWS card order retained.,true
QUEEN_OF_PENTACLES,GOLDEN_DAWN_BOOK_T_1912,ELEMENT,EARTH,Liber LXXVIII — Minor Arcana — QUEEN_OF_PENTACLES,,,10,APPROVED,PRIMARY_TABLE_NORMALIZATION_V1,Normalized from the 1912 Book T tables; RWS card order retained.,true
QUEEN_OF_PENTACLES,GOLDEN_DAWN_BOOK_T_1912,GD_TITLE,The Queen of the Thrones of Earth,Liber LXXVIII — Minor Arcana — QUEEN_OF_PENTACLES,,,10,APPROVED,PRIMARY_TABLE_NORMALIZATION_V1,Normalized from the 1912 Book T tables; RWS card order retained.,true
QUEEN_OF_PENTACLES,GOLDEN_DAWN_BOOK_T_1912,COURT_ELEMENT,WATER_OF_EARTH,Liber LXXVIII — Minor Arcana — QUEEN_OF_PENTACLES,,,10,APPROVED,PRIMARY_TABLE_NORMALIZATION_V1,Normalized from the 1912 Book T tables; RWS card order retained.,true
KING_OF_PENTACLES,GOLDEN_DAWN_BOOK_T_1912,ELEMENT,EARTH,Liber LXXVIII — Minor Arcana — KING_OF_PENTACLES,,,10,APPROVED,PRIMARY_TABLE_NORMALIZATION_V1,Normalized from the 1912 Book T tables; RWS card order retained.,true
KING_OF_PENTACLES,GOLDEN_DAWN_BOOK_T_1912,GD_TITLE,The Prince of the Chariot of Earth,Liber LXXVIII — Minor Arcana — KING_OF_PENTACLES,,,10,APPROVED,PRIMARY_TABLE_NORMALIZATION_V1,Normalized from the 1912 Book T tables; RWS card order retained.,true
KING_OF_PENTACLES,GOLDEN_DAWN_BOOK_T_1912,COURT_ELEMENT,AIR_OF_EARTH,Liber LXXVIII — Minor Arcana — KING_OF_PENTACLES,,,10,APPROVED,PRIMARY_TABLE_NORMALIZATION_V1,Normalized from the 1912 Book T tables; RWS card order retained.,true
